type,object id,property id,condition,function,replace,default,min,max,remappable,iterable
color id,obj_id.trigger.COLOR,prop_id.trigger.color.CHANNEL,,,,,1,999,FALSE,FALSE
color id,obj_id.trigger.COLOR,prop_id.trigger.color.COPY_ID,,,,,1,999,FALSE,FALSE
color id,obj_id.trigger.shader.GRAY_SCALE,prop_id.trigger.shader.GRAY_SCALE_TINT_CHANNEL,,,,,1,999,TRUE,FALSE
color id,obj_id.trigger.shader.LENS_CIRCLE,prop_id.trigger.shader.LENS_CIRCLE_TINT_CHANNEL,,,,,1,999,TRUE,FALSE
color id,obj_id.trigger.shader.RADIAL_BLUR,prop_id.trigger.shader.RADIAL_BLUR_REF_CHANNEL,,,,,1,999,TRUE,FALSE
color id,obj_id.trigger.shader.MOTION_BLUR,prop_id.trigger.shader.MOTION_BLUR_REF_CHANNEL,,,,,1,999,TRUE,FALSE
color id,,prop_id.COLOR_1,,,,"lambda x: COLOR_1_DEFAULT.get(x,0)",1,999,FALSE,FALSE
color id,,prop_id.COLOR_2,,,,"lambda x: COLOR_2_DEFAULT.get(x,0)",1,999,FALSE,FALSE
color id,obj_id.trigger.PULSE,prop_id.trigger.pulse.COPY_ID,,,,,1,999,FALSE,FALSE
color id,obj_id.trigger.PULSE,prop_id.trigger.pulse.TARGET_ID,"lambda x: x.get(prop_id.trigger.pulse.TARGET_TYPE,0) == 0",,,,1,999,TRUE,FALSE
color id,obj_id.trigger.area.TINT,prop_id.trigger.effect.TINT_CHANNEL,,,,,1,999,FALSE,FALSE
color id,obj_id.trigger.enter.TINT,prop_id.trigger.effect.TINT_CHANNEL,,,,,1,999,FALSE,FALSE
color id,obj_id.LEVEL_START,prop_id.level.COLORS,,lambda x: x.unique_values(lambda i: i.channels),"lambda x, kvm: x.apply(lambda i: i.remap(kvm))",,1,999,FALSE,TRUE
group id,obj_id.trigger.MOVE,prop_id.trigger.move.TARGET_ID,,,,,1,9999,TRUE,FALSE
group id,obj_id.trigger.MOVE,prop_id.trigger.move.TARGET_POS,,,,,1,9999,TRUE,FALSE
group id,obj_id.trigger.MOVE,prop_id.trigger.move.TARGET_CENTER_ID,,,,,1,9999,TRUE,FALSE
group id,obj_id.trigger.ALPHA,prop_id.trigger.alpha.GROUP_ID,,,,,1,9999,TRUE,FALSE
group id,obj_id.trigger.TOGGLE,prop_id.trigger.toggle.GROUP_ID,,,,,1,9999,TRUE,FALSE
group id,obj_id.trigger.TOGGLE_BLOCK,prop_id.trigger.toggle_block.GROUP_ID,,,,,1,9999,TRUE,FALSE
group id,obj_id.orb.TOGGLE,prop_id.trigger.toggle_block.GROUP_ID,,,,,1,9999,TRUE,FALSE
group id,obj_id.trigger.ON_DEATH,prop_id.trigger.on_death.GROUP_ID,,,,,1,9999,TRUE,FALSE
group id,obj_id.trigger.SPAWN,prop_id.trigger.spawn.GROUP_ID,,,,,1,9999,TRUE,FALSE
group id,obj_id.trigger.TELEPORT,prop_id.trigger.teleport.TARGET_ID,,,,,1,9999,TRUE,FALSE
group id,obj_id.trigger.SONG,prop_id.trigger.song.GROUP_ID_1,,,,,1,9999,TRUE,FALSE
group id,obj_id.trigger.SONG,prop_id.trigger.song.GROUP_ID_2,,,,,1,9999,TRUE,FALSE
group id,obj_id.trigger.SONG_EDIT,prop_id.trigger.song.GROUP_ID_1,,,,,1,9999,TRUE,FALSE
group id,obj_id.trigger.SONG_EDIT,prop_id.trigger.song.GROUP_ID_2,,,,,1,9999,TRUE,FALSE
group id,obj_id.trigger.SFX,prop_id.trigger.sfx.GROUP_ID_1,,,,,1,9999,TRUE,FALSE
group id,obj_id.trigger.SFX,prop_id.trigger.sfx.GROUP_ID_2,,,,,1,9999,TRUE,FALSE
group id,obj_id.trigger.SFX,prop_id.trigger.sfx.GROUP,,,,,1,9999,TRUE,FALSE
group id,obj_id.trigger.SFX_EDIT,prop_id.trigger.sfx.GROUP_ID_1,,,,,1,9999,TRUE,FALSE
group id,obj_id.trigger.SFX_EDIT,prop_id.trigger.sfx.GROUP_ID_2,,,,,1,9999,TRUE,FALSE
group id,obj_id.trigger.SFX_EDIT,prop_id.trigger.sfx.GROUP,,,,,1,9999,TRUE,FALSE
group id,obj_id.trigger.ROTATE,prop_id.trigger.rotate.TARGET_ID,,,,,1,9999,TRUE,FALSE
group id,obj_id.trigger.ROTATE,prop_id.trigger.rotate.ROTATE_TARGET,,,,,1,9999,TRUE,FALSE
group id,obj_id.trigger.ROTATE,prop_id.trigger.rotate.AIM_TARGET,,,,,1,9999,TRUE,FALSE
group id,obj_id.trigger.ROTATE,prop_id.trigger.rotate.MIN_X_ID,,,,,1,9999,TRUE,FALSE
group id,obj_id.trigger.ROTATE,prop_id.trigger.rotate.MIN_Y_ID,,,,,1,9999,TRUE,FALSE
group id,obj_id.trigger.ROTATE,prop_id.trigger.rotate.MAX_X_ID,,,,,1,9999,TRUE,FALSE
group id,obj_id.trigger.ROTATE,prop_id.trigger.rotate.MAX_Y_ID,,,,,1,9999,TRUE,FALSE
group id,obj_id.trigger.FOLLOW,prop_id.trigger.follow.TARGET_ID,,,,,1,9999,TRUE,FALSE
group id,obj_id.trigger.FOLLOW,prop_id.trigger.follow.FOLLOW_TARGET,,,,,1,9999,TRUE,FALSE
group id,obj_id.trigger.ANIMATE,prop_id.trigger.animate.TARGET_ID,,,,,1,9999,TRUE,FALSE
group id,obj_id.trigger.TOUCH,prop_id.trigger.touch.GROUP_ID,,,,,1,9999,TRUE,FALSE
group id,obj_id.trigger.COUNT,prop_id.trigger.count.TARGET_ID,,,,,1,9999,TRUE,FALSE
group id,obj_id.trigger.INSTANT_COUNT,prop_id.trigger.instant_count.TARGET_ID,,,,,1,9999,TRUE,FALSE
group id,obj_id.trigger.FOLLOW_PLAYER_Y,prop_id.trigger.follow_player_y.TARGET_ID,,,,,1,9999,TRUE,FALSE
group id,obj_id.trigger.COLLISION,prop_id.trigger.collision.TARGET_ID,,,,,1,9999,TRUE,FALSE
group id,obj_id.trigger.RANDOM,prop_id.trigger.random.TRUE_ID,,,,,1,9999,TRUE,FALSE
group id,obj_id.trigger.RANDOM,prop_id.trigger.random.FALSE_ID,,,,,1,9999,TRUE,FALSE
group id,obj_id.trigger.END_WALL,prop_id.trigger.end_wall.GROUP_ID,,,,,1,9999,FALSE,FALSE
group id,obj_id.trigger.CAMERA_EDGE,prop_id.trigger.camera_edge.TARGET_ID,,,,,1,9999,TRUE,FALSE
group id,obj_id.trigger.CHECKPOINT,prop_id.trigger.checkpoint.SPAWN_ID,,,,,1,9999,FALSE,FALSE
group id,obj_id.trigger.CHECKPOINT,prop_id.trigger.checkpoint.TARGET_POS,,,,,1,9999,FALSE,FALSE
group id,obj_id.trigger.CHECKPOINT,prop_id.trigger.checkpoint.RESPAWN_ID,,,,,1,9999,FALSE,FALSE
group id,obj_id.trigger.SCALE,prop_id.trigger.scale.TARGET_ID,,,,,1,9999,TRUE,FALSE
group id,obj_id.trigger.SCALE,prop_id.trigger.scale.CENTER_ID,,,,,1,9999,TRUE,FALSE
group id,obj_id.trigger.ADV_FOLLOW,prop_id.trigger.adv_follow.TARGET_ID,,,,,1,9999,TRUE,FALSE
group id,obj_id.trigger.ADV_FOLLOW,prop_id.trigger.adv_follow.FOLLOW_ID,,,,,1,9999,TRUE,FALSE
group id,obj_id.trigger.ADV_FOLLOW,prop_id.trigger.adv_follow.MAX_RANGE_REF,,,,,1,9999,TRUE,FALSE
group id,obj_id.trigger.ADV_FOLLOW,prop_id.trigger.adv_follow.START_SPEED_REF,,,,,1,9999,TRUE,FALSE
group id,obj_id.trigger.ADV_FOLLOW,prop_id.trigger.adv_follow.START_DIR_REF,,,,,1,9999,TRUE,FALSE
group id,obj_id.trigger.KEYFRAME,prop_id.trigger.keyframe.GROUP_ID,,,,,1,9999,FALSE,FALSE
group id,obj_id.trigger.KEYFRAME,prop_id.trigger.keyframe.SPAWN_ID,,,,,1,9999,FALSE,FALSE
group id,obj_id.trigger.ANIMATE_KEYFRAME,prop_id.trigger.animate_keyframe.TARGET_ID,,,,,1,9999,TRUE,FALSE
group id,obj_id.trigger.ANIMATE_KEYFRAME,prop_id.trigger.animate_keyframe.PARENT_ID,,,,,1,9999,TRUE,FALSE
group id,obj_id.trigger.ANIMATE_KEYFRAME,prop_id.trigger.animate_keyframe.ANIMATION_ID,,,,,1,9999,TRUE,FALSE
group id,obj_id.trigger.END,prop_id.trigger.end.SPAWN_ID,,,,,1,9999,TRUE,FALSE
group id,obj_id.trigger.END,prop_id.trigger.end.TARGET_POS,,,,,1,9999,TRUE,FALSE
group id,obj_id.trigger.EVENT,prop_id.trigger.event.SPAWN_ID,,,,,1,9999,TRUE,FALSE
group id,obj_id.trigger.SPAWN_PARTICLE,prop_id.trigger.spawn_particle.PARTICLE_GROUP,,,,,1,9999,TRUE,FALSE
group id,obj_id.trigger.SPAWN_PARTICLE,prop_id.trigger.spawn_particle.POSITION_GROUP,,,,,1,9999,TRUE,FALSE
group id,obj_id.trigger.INSTANT_COLLISION,prop_id.trigger.instant_collision.TRUE_ID,,,,,1,9999,TRUE,FALSE
group id,obj_id.trigger.INSTANT_COLLISION,prop_id.trigger.instant_collision.FALSE_ID,,,,,1,9999,TRUE,FALSE
group id,obj_id.trigger.UI,prop_id.trigger.ui.GROUP_ID,,,,,1,9999,FALSE,FALSE
group id,obj_id.trigger.UI,prop_id.trigger.ui.UI_TARGET,,,,,1,9999,FALSE,FALSE
group id,obj_id.trigger.TIME,prop_id.trigger.time.TARGET_ID,,,,,1,9999,TRUE,FALSE
group id,obj_id.trigger.TIME_EVENT,prop_id.trigger.time_event.TARGET_ID,,,,,1,9999,TRUE,FALSE
group id,obj_id.trigger.RESET,prop_id.trigger.reset.GROUP_ID,,,,,1,9999,TRUE,FALSE
group id,obj_id.trigger.OBJECT_CONTROL,prop_id.trigger.object_control.TARGET_ID,,,,,1,9999,FALSE,FALSE
group id,obj_id.trigger.LINK_VISIBLE,prop_id.trigger.link_visible.GROUP_ID,,,,,1,9999,FALSE,FALSE
group id,obj_id.trigger.ITEM_COMPARE,prop_id.trigger.item_compare.TRUE_ID,,,,,1,9999,TRUE,FALSE
group id,obj_id.trigger.ITEM_COMPARE,prop_id.trigger.item_compare.FALSE_ID,,,,,1,9999,TRUE,FALSE
group id,obj_id.trigger.STATE_BLOCK,prop_id.trigger.state_block.STATE_ON,,,,,1,9999,FALSE,FALSE
group id,obj_id.trigger.STATE_BLOCK,prop_id.trigger.state_block.STATE_OFF,,,,,1,9999,FALSE,FALSE
group id,obj_id.trigger.STATIC_CAMERA,prop_id.trigger.static_camera.TARGET_ID,,,,,1,9999,TRUE,FALSE
group id,obj_id.trigger.GRADIENT,prop_id.trigger.gradient.U,,,,,1,9999,FALSE,FALSE
group id,obj_id.trigger.GRADIENT,prop_id.trigger.gradient.D,,,,,1,9999,FALSE,FALSE
group id,obj_id.trigger.GRADIENT,prop_id.trigger.gradient.L,,,,,1,9999,FALSE,FALSE
group id,obj_id.trigger.GRADIENT,prop_id.trigger.gradient.R,,,,,1,9999,FALSE,FALSE
group id,obj_id.trigger.shader.SHOCKWAVE,prop_id.trigger.shader.SHOCKWAVE_CENTER_ID,,,,,1,9999,TRUE,FALSE
group id,obj_id.trigger.shader.SHOCKLINE,prop_id.trigger.shader.SHOCKLINE_CENTER_ID,,,,,1,9999,TRUE,FALSE
group id,obj_id.trigger.shader.LENS_CIRCLE,prop_id.trigger.shader.LENS_CIRCLE_CENTER_ID,,,,,1,9999,TRUE,FALSE
group id,obj_id.trigger.shader.RADIAL_BLUR,prop_id.trigger.shader.RADIAL_BLUR_CENTER_ID,,,,,1,9999,TRUE,FALSE
group id,obj_id.trigger.shader.MOTION_BLUR,prop_id.trigger.shader.MOTION_BLUR_CENTER_ID,,,,,1,9999,TRUE,FALSE
group id,obj_id.trigger.shader.BULGE,prop_id.trigger.shader.BULGE_CENTER_ID,,,,,1,9999,TRUE,FALSE
group id,obj_id.trigger.shader.PINCH,prop_id.trigger.shader.PINCH_CENTER_ID,,,,,1,9999,TRUE,FALSE
group id,,prop_id.GROUPS,,,"lambda x, kvm: x.remap(kvm)",,1,9999,FALSE,TRUE
group id,,prop_id.PARENT_GROUPS,,,"lambda x, kvm: x.remap(kvm)",,1,9999,FALSE,TRUE
group id,obj_id.trigger.PULSE,prop_id.trigger.pulse.TARGET_ID,"lambda x: x.get(prop_id.trigger.pulse.TARGET_TYPE,0) == 1",,,,1,9999,TRUE,FALSE
group id,obj_id.trigger.STOP,prop_id.trigger.stop.TARGET_ID,"lambda x: x.get(prop_id.trigger.stop.USE_CONTROL_ID,0)== 0",,,,1,9999,TRUE,FALSE
group id,obj_id.trigger.SEQUENCE,prop_id.trigger.sequence.SEQUENCE,,lambda x: x.keys(),"lambda x, kvm: x.apply(lambda i: i.remap(key_map=kvm))",,1,9999,FALSE,TRUE
group id,obj_id.trigger.ADV_RANDOM,prop_id.trigger.adv_random.TARGETS,,lambda x: x.keys(),"lambda x, kvm: x.apply(lambda i: i.remap(key_map=kvm))",,1,9999,FALSE,TRUE
group id,obj_id.trigger.EDIT_ADV_FOLLOW,prop_id.trigger.edit_adv_follow.TARGET_ID,"lambda x: x.get(prop_id.trigger.edit_adv_follow.USE_CONTROL_ID,0) == 0",,,,1,9999,TRUE,FALSE
group id,obj_id.trigger.EDIT_ADV_FOLLOW,prop_id.trigger.edit_adv_follow.SPEED_REF,,,,,1,9999,TRUE,FALSE
group id,obj_id.trigger.EDIT_ADV_FOLLOW,prop_id.trigger.edit_adv_follow.DIR_REF,,,,,1,9999,TRUE,FALSE
group id,obj_id.trigger.RETARGET_ADV_FOLLOW,prop_id.trigger.edit_adv_follow.TARGET_ID,"lambda x: x.get(prop_id.trigger.edit_adv_follow.USE_CONTROL_ID,0) == 0",,,,1,9999,TRUE,FALSE
group id,obj_id.trigger.RETARGET_ADV_FOLLOW,prop_id.trigger.edit_adv_follow.FOLLOW_ID,,,,,1,9999,TRUE,FALSE
group id,obj_id.collectible.USER_COIN,prop_id.trigger.collectible.GROUP_ID,,,,,1,9999,FALSE,FALSE
group id,obj_id.collectible.USER_COIN,prop_id.trigger.collectible.PARTICLE   ,,,,,1,9999,FALSE,FALSE
group id,obj_id.collectible.KEY,prop_id.trigger.collectible.GROUP_ID,,,,,1,9999,FALSE,FALSE
group id,obj_id.collectible.KEY,prop_id.trigger.collectible.PARTICLE   ,,,,,1,9999,FALSE,FALSE
group id,1587,prop_id.trigger.collectible.GROUP_ID,,,,,1,9999,FALSE,FALSE
group id,1587,prop_id.trigger.collectible.PARTICLE   ,,,,,1,9999,FALSE,FALSE
group id,1589,prop_id.trigger.collectible.GROUP_ID,,,,,1,9999,FALSE,FALSE
group id,1589,prop_id.trigger.collectible.PARTICLE   ,,,,,1,9999,FALSE,FALSE
group id,1598,prop_id.trigger.collectible.GROUP_ID,,,,,1,9999,FALSE,FALSE
group id,1598,prop_id.trigger.collectible.PARTICLE   ,,,,,1,9999,FALSE,FALSE
group id,obj_id.collectible.SMALL_COIN,prop_id.trigger.collectible.GROUP_ID,,,,,1,9999,FALSE,FALSE
group id,obj_id.collectible.SMALL_COIN,prop_id.trigger.collectible.PARTICLE   ,,,,,1,9999,FALSE,FALSE
group id,3601,prop_id.trigger.collectible.GROUP_ID,,,,,1,9999,FALSE,FALSE
group id,3601,prop_id.trigger.collectible.PARTICLE   ,,,,,1,9999,FALSE,FALSE
group id,4401,prop_id.trigger.collectible.GROUP_ID,,,,,1,9999,FALSE,FALSE
group id,4401,prop_id.trigger.collectible.PARTICLE   ,,,,,1,9999,FALSE,FALSE
group id,4402,prop_id.trigger.collectible.GROUP_ID,,,,,1,9999,FALSE,FALSE
group id,4402,prop_id.trigger.collectible.PARTICLE   ,,,,,1,9999,FALSE,FALSE
group id,4403,prop_id.trigger.collectible.GROUP_ID,,,,,1,9999,FALSE,FALSE
group id,4403,prop_id.trigger.collectible.PARTICLE   ,,,,,1,9999,FALSE,FALSE
group id,4404,prop_id.trigger.collectible.GROUP_ID,,,,,1,9999,FALSE,FALSE
group id,4404,prop_id.trigger.collectible.PARTICLE   ,,,,,1,9999,FALSE,FALSE
group id,4405,prop_id.trigger.collectible.GROUP_ID,,,,,1,9999,FALSE,FALSE
group id,4405,prop_id.trigger.collectible.PARTICLE   ,,,,,1,9999,FALSE,FALSE
group id,4406,prop_id.trigger.collectible.GROUP_ID,,,,,1,9999,FALSE,FALSE
group id,4406,prop_id.trigger.collectible.PARTICLE   ,,,,,1,9999,FALSE,FALSE
group id,4407,prop_id.trigger.collectible.GROUP_ID,,,,,1,9999,FALSE,FALSE
group id,4407,prop_id.trigger.collectible.PARTICLE   ,,,,,1,9999,FALSE,FALSE
group id,4408,prop_id.trigger.collectible.GROUP_ID,,,,,1,9999,FALSE,FALSE
group id,4408,prop_id.trigger.collectible.PARTICLE   ,,,,,1,9999,FALSE,FALSE
group id,4409,prop_id.trigger.collectible.GROUP_ID,,,,,1,9999,FALSE,FALSE
group id,4409,prop_id.trigger.collectible.PARTICLE   ,,,,,1,9999,FALSE,FALSE
group id,4410,prop_id.trigger.collectible.GROUP_ID,,,,,1,9999,FALSE,FALSE
group id,4410,prop_id.trigger.collectible.PARTICLE   ,,,,,1,9999,FALSE,FALSE
group id,4411,prop_id.trigger.collectible.GROUP_ID,,,,,1,9999,FALSE,FALSE
group id,4411,prop_id.trigger.collectible.PARTICLE   ,,,,,1,9999,FALSE,FALSE
group id,4412,prop_id.trigger.collectible.GROUP_ID,,,,,1,9999,FALSE,FALSE
group id,4412,prop_id.trigger.collectible.PARTICLE   ,,,,,1,9999,FALSE,FALSE
group id,4413,prop_id.trigger.collectible.GROUP_ID,,,,,1,9999,FALSE,FALSE
group id,4413,prop_id.trigger.collectible.PARTICLE   ,,,,,1,9999,FALSE,FALSE
group id,4414,prop_id.trigger.collectible.GROUP_ID,,,,,1,9999,FALSE,FALSE
group id,4414,prop_id.trigger.collectible.PARTICLE   ,,,,,1,9999,FALSE,FALSE
group id,4415,prop_id.trigger.collectible.GROUP_ID,,,,,1,9999,FALSE,FALSE
group id,4415,prop_id.trigger.collectible.PARTICLE   ,,,,,1,9999,FALSE,FALSE
group id,4416,prop_id.trigger.collectible.GROUP_ID,,,,,1,9999,FALSE,FALSE
group id,4416,prop_id.trigger.collectible.PARTICLE   ,,,,,1,9999,FALSE,FALSE
group id,4417,prop_id.trigger.collectible.GROUP_ID,,,,,1,9999,FALSE,FALSE
group id,4417,prop_id.trigger.collectible.PARTICLE   ,,,,,1,9999,FALSE,FALSE
group id,4418,prop_id.trigger.collectible.GROUP_ID,,,,,1,9999,FALSE,FALSE
group id,4418,prop_id.trigger.collectible.PARTICLE   ,,,,,1,9999,FALSE,FALSE
group id,4419,prop_id.trigger.collectible.GROUP_ID,,,,,1,9999,FALSE,FALSE
group id,4419,prop_id.trigger.collectible.PARTICLE   ,,,,,1,9999,FALSE,FALSE
group id,4420,prop_id.trigger.collectible.GROUP_ID,,,,,1,9999,FALSE,FALSE
group id,4420,prop_id.trigger.collectible.PARTICLE   ,,,,,1,9999,FALSE,FALSE
group id,4421,prop_id.trigger.collectible.GROUP_ID,,,,,1,9999,FALSE,FALSE
group id,4421,prop_id.trigger.collectible.PARTICLE   ,,,,,1,9999,FALSE,FALSE
group id,4422,prop_id.trigger.collectible.GROUP_ID,,,,,1,9999,FALSE,FALSE
group id,4422,prop_id.trigger.collectible.PARTICLE   ,,,,,1,9999,FALSE,FALSE
group id,4423,prop_id.trigger.collectible.GROUP_ID,,,,,1,9999,FALSE,FALSE
group id,4423,prop_id.trigger.collectible.PARTICLE   ,,,,,1,9999,FALSE,FALSE
group id,4424,prop_id.trigger.collectible.GROUP_ID,,,,,1,9999,FALSE,FALSE
group id,4424,prop_id.trigger.collectible.PARTICLE   ,,,,,1,9999,FALSE,FALSE
group id,4425,prop_id.trigger.collectible.GROUP_ID,,,,,1,9999,FALSE,FALSE
group id,4425,prop_id.trigger.collectible.PARTICLE   ,,,,,1,9999,FALSE,FALSE
group id,4426,prop_id.trigger.collectible.GROUP_ID,,,,,1,9999,FALSE,FALSE
group id,4426,prop_id.trigger.collectible.PARTICLE   ,,,,,1,9999,FALSE,FALSE
group id,4427,prop_id.trigger.collectible.GROUP_ID,,,,,1,9999,FALSE,FALSE
group id,4427,prop_id.trigger.collectible.PARTICLE   ,,,,,1,9999,FALSE,FALSE
group id,4428,prop_id.trigger.collectible.GROUP_ID,,,,,1,9999,FALSE,FALSE
group id,4428,prop_id.trigger.collectible.PARTICLE   ,,,,,1,9999,FALSE,FALSE
group id,4429,prop_id.trigger.collectible.GROUP_ID,,,,,1,9999,FALSE,FALSE
group id,4429,prop_id.trigger.collectible.PARTICLE   ,,,,,1,9999,FALSE,FALSE
group id,4430,prop_id.trigger.collectible.GROUP_ID,,,,,1,9999,FALSE,FALSE
group id,4430,prop_id.trigger.collectible.PARTICLE   ,,,,,1,9999,FALSE,FALSE
group id,4431,prop_id.trigger.collectible.GROUP_ID,,,,,1,9999,FALSE,FALSE
group id,4431,prop_id.trigger.collectible.PARTICLE   ,,,,,1,9999,FALSE,FALSE
group id,4432,prop_id.trigger.collectible.GROUP_ID,,,,,1,9999,FALSE,FALSE
group id,4432,prop_id.trigger.collectible.PARTICLE   ,,,,,1,9999,FALSE,FALSE
group id,4433,prop_id.trigger.collectible.GROUP_ID,,,,,1,9999,FALSE,FALSE
group id,4433,prop_id.trigger.collectible.PARTICLE   ,,,,,1,9999,FALSE,FALSE
group id,4434,prop_id.trigger.collectible.GROUP_ID,,,,,1,9999,FALSE,FALSE
group id,4434,prop_id.trigger.collectible.PARTICLE   ,,,,,1,9999,FALSE,FALSE
group id,4435,prop_id.trigger.collectible.GROUP_ID,,,,,1,9999,FALSE,FALSE
group id,4435,prop_id.trigger.collectible.PARTICLE   ,,,,,1,9999,FALSE,FALSE
group id,4436,prop_id.trigger.collectible.GROUP_ID,,,,,1,9999,FALSE,FALSE
group id,4436,prop_id.trigger.collectible.PARTICLE   ,,,,,1,9999,FALSE,FALSE
group id,4437,prop_id.trigger.collectible.GROUP_ID,,,,,1,9999,FALSE,FALSE
group id,4437,prop_id.trigger.collectible.PARTICLE   ,,,,,1,9999,FALSE,FALSE
group id,4438,prop_id.trigger.collectible.GROUP_ID,,,,,1,9999,FALSE,FALSE
group id,4438,prop_id.trigger.collectible.PARTICLE   ,,,,,1,9999,FALSE,FALSE
group id,4439,prop_id.trigger.collectible.GROUP_ID,,,,,1,9999,FALSE,FALSE
group id,4439,prop_id.trigger.collectible.PARTICLE   ,,,,,1,9999,FALSE,FALSE
group id,4440,prop_id.trigger.collectible.GROUP_ID,,,,,1,9999,FALSE,FALSE
group id,4440,prop_id.trigger.collectible.PARTICLE   ,,,,,1,9999,FALSE,FALSE
group id,4441,prop_id.trigger.collectible.GROUP_ID,,,,,1,9999,FALSE,FALSE
group id,4441,prop_id.trigger.collectible.PARTICLE   ,,,,,1,9999,FALSE,FALSE
group id,4442,prop_id.trigger.collectible.GROUP_ID,,,,,1,9999,FALSE,FALSE
group id,4442,prop_id.trigger.collectible.PARTICLE   ,,,,,1,9999,FALSE,FALSE
group id,4443,prop_id.trigger.collectible.GROUP_ID,,,,,1,9999,FALSE,FALSE
group id,4443,prop_id.trigger.collectible.PARTICLE   ,,,,,1,9999,FALSE,FALSE
group id,4444,prop_id.trigger.collectible.GROUP_ID,,,,,1,9999,FALSE,FALSE
group id,4444,prop_id.trigger.collectible.PARTICLE   ,,,,,1,9999,FALSE,FALSE
group id,4445,prop_id.trigger.collectible.GROUP_ID,,,,,1,9999,FALSE,FALSE
group id,4445,prop_id.trigger.collectible.PARTICLE   ,,,,,1,9999,FALSE,FALSE
group id,4446,prop_id.trigger.collectible.GROUP_ID,,,,,1,9999,FALSE,FALSE
group id,4446,prop_id.trigger.collectible.PARTICLE   ,,,,,1,9999,FALSE,FALSE
group id,4447,prop_id.trigger.collectible.GROUP_ID,,,,,1,9999,FALSE,FALSE
group id,4447,prop_id.trigger.collectible.PARTICLE   ,,,,,1,9999,FALSE,FALSE
group id,4448,prop_id.trigger.collectible.GROUP_ID,,,,,1,9999,FALSE,FALSE
group id,4448,prop_id.trigger.collectible.PARTICLE   ,,,,,1,9999,FALSE,FALSE
group id,4449,prop_id.trigger.collectible.GROUP_ID,,,,,1,9999,FALSE,FALSE
group id,4449,prop_id.trigger.collectible.PARTICLE   ,,,,,1,9999,FALSE,FALSE
group id,4450,prop_id.trigger.collectible.GROUP_ID,,,,,1,9999,FALSE,FALSE
group id,4450,prop_id.trigger.collectible.PARTICLE   ,,,,,1,9999,FALSE,FALSE
group id,4451,prop_id.trigger.collectible.GROUP_ID,,,,,1,9999,FALSE,FALSE
group id,4451,prop_id.trigger.collectible.PARTICLE   ,,,,,1,9999,FALSE,FALSE
group id,4452,prop_id.trigger.collectible.GROUP_ID,,,,,1,9999,FALSE,FALSE
group id,4452,prop_id.trigger.collectible.PARTICLE   ,,,,,1,9999,FALSE,FALSE
group id,4453,prop_id.trigger.collectible.GROUP_ID,,,,,1,9999,FALSE,FALSE
group id,4453,prop_id.trigger.collectible.PARTICLE   ,,,,,1,9999,FALSE,FALSE
group id,4454,prop_id.trigger.collectible.GROUP_ID,,,,,1,9999,FALSE,FALSE
group id,4454,prop_id.trigger.collectible.PARTICLE   ,,,,,1,9999,FALSE,FALSE
group id,4455,prop_id.trigger.collectible.GROUP_ID,,,,,1,9999,FALSE,FALSE
group id,4455,prop_id.trigger.collectible.PARTICLE   ,,,,,1,9999,FALSE,FALSE
group id,4456,prop_id.trigger.collectible.GROUP_ID,,,,,1,9999,FALSE,FALSE
group id,4456,prop_id.trigger.collectible.PARTICLE   ,,,,,1,9999,FALSE,FALSE
group id,4457,prop_id.trigger.collectible.GROUP_ID,,,,,1,9999,FALSE,FALSE
group id,4457,prop_id.trigger.collectible.PARTICLE   ,,,,,1,9999,FALSE,FALSE
group id,4458,prop_id.trigger.collectible.GROUP_ID,,,,,1,9999,FALSE,FALSE
group id,4458,prop_id.trigger.collectible.PARTICLE   ,,,,,1,9999,FALSE,FALSE
group id,4459,prop_id.trigger.collectible.GROUP_ID,,,,,1,9999,FALSE,FALSE
group id,4459,prop_id.trigger.collectible.PARTICLE   ,,,,,1,9999,FALSE,FALSE
group id,4460,prop_id.trigger.collectible.GROUP_ID,,,,,1,9999,FALSE,FALSE
group id,4460,prop_id.trigger.collectible.PARTICLE   ,,,,,1,9999,FALSE,FALSE
group id,4461,prop_id.trigger.collectible.GROUP_ID,,,,,1,9999,FALSE,FALSE
group id,4461,prop_id.trigger.collectible.PARTICLE   ,,,,,1,9999,FALSE,FALSE
group id,4462,prop_id.trigger.collectible.GROUP_ID,,,,,1,9999,FALSE,FALSE
group id,4462,prop_id.trigger.collectible.PARTICLE   ,,,,,1,9999,FALSE,FALSE
group id,4463,prop_id.trigger.collectible.GROUP_ID,,,,,1,9999,FALSE,FALSE
group id,4463,prop_id.trigger.collectible.PARTICLE   ,,,,,1,9999,FALSE,FALSE
group id,4464,prop_id.trigger.collectible.GROUP_ID,,,,,1,9999,FALSE,FALSE
group id,4464,prop_id.trigger.collectible.PARTICLE   ,,,,,1,9999,FALSE,FALSE
group id,4465,prop_id.trigger.collectible.GROUP_ID,,,,,1,9999,FALSE,FALSE
group id,4465,prop_id.trigger.collectible.PARTICLE   ,,,,,1,9999,FALSE,FALSE
group id,4466,prop_id.trigger.collectible.GROUP_ID,,,,,1,9999,FALSE,FALSE
group id,4466,prop_id.trigger.collectible.PARTICLE   ,,,,,1,9999,FALSE,FALSE
group id,4467,prop_id.trigger.collectible.GROUP_ID,,,,,1,9999,FALSE,FALSE
group id,4467,prop_id.trigger.collectible.PARTICLE   ,,,,,1,9999,FALSE,FALSE
group id,4468,prop_id.trigger.collectible.GROUP_ID,,,,,1,9999,FALSE,FALSE
group id,4468,prop_id.trigger.collectible.PARTICLE   ,,,,,1,9999,FALSE,FALSE
group id,4469,prop_id.trigger.collectible.GROUP_ID,,,,,1,9999,FALSE,FALSE
group id,4469,prop_id.trigger.collectible.PARTICLE   ,,,,,1,9999,FALSE,FALSE
group id,4470,prop_id.trigger.collectible.GROUP_ID,,,,,1,9999,FALSE,FALSE
group id,4470,prop_id.trigger.collectible.PARTICLE   ,,,,,1,9999,FALSE,FALSE
group id,4471,prop_id.trigger.collectible.GROUP_ID,,,,,1,9999,FALSE,FALSE
group id,4471,prop_id.trigger.collectible.PARTICLE   ,,,,,1,9999,FALSE,FALSE
group id,4472,prop_id.trigger.collectible.GROUP_ID,,,,,1,9999,FALSE,FALSE
group id,4472,prop_id.trigger.collectible.PARTICLE   ,,,,,1,9999,FALSE,FALSE
group id,4473,prop_id.trigger.collectible.GROUP_ID,,,,,1,9999,FALSE,FALSE
group id,4473,prop_id.trigger.collectible.PARTICLE   ,,,,,1,9999,FALSE,FALSE
group id,4474,prop_id.trigger.collectible.GROUP_ID,,,,,1,9999,FALSE,FALSE
group id,4474,prop_id.trigger.collectible.PARTICLE   ,,,,,1,9999,FALSE,FALSE
group id,4475,prop_id.trigger.collectible.GROUP_ID,,,,,1,9999,FALSE,FALSE
group id,4475,prop_id.trigger.collectible.PARTICLE   ,,,,,1,9999,FALSE,FALSE
group id,4476,prop_id.trigger.collectible.GROUP_ID,,,,,1,9999,FALSE,FALSE
group id,4476,prop_id.trigger.collectible.PARTICLE   ,,,,,1,9999,FALSE,FALSE
group id,4477,prop_id.trigger.collectible.GROUP_ID,,,,,1,9999,FALSE,FALSE
group id,4477,prop_id.trigger.collectible.PARTICLE   ,,,,,1,9999,FALSE,FALSE
group id,4478,prop_id.trigger.collectible.GROUP_ID,,,,,1,9999,FALSE,FALSE
group id,4478,prop_id.trigger.collectible.PARTICLE   ,,,,,1,9999,FALSE,FALSE
group id,4479,prop_id.trigger.collectible.GROUP_ID,,,,,1,9999,FALSE,FALSE
group id,4479,prop_id.trigger.collectible.PARTICLE   ,,,,,1,9999,FALSE,FALSE
group id,4480,prop_id.trigger.collectible.GROUP_ID,,,,,1,9999,FALSE,FALSE
group id,4480,prop_id.trigger.collectible.PARTICLE   ,,,,,1,9999,FALSE,FALSE
group id,4481,prop_id.trigger.collectible.GROUP_ID,,,,,1,9999,FALSE,FALSE
group id,4481,prop_id.trigger.collectible.PARTICLE   ,,,,,1,9999,FALSE,FALSE
group id,4482,prop_id.trigger.collectible.GROUP_ID,,,,,1,9999,FALSE,FALSE
group id,4482,prop_id.trigger.collectible.PARTICLE   ,,,,,1,9999,FALSE,FALSE
group id,4483,prop_id.trigger.collectible.GROUP_ID,,,,,1,9999,FALSE,FALSE
group id,4483,prop_id.trigger.collectible.PARTICLE   ,,,,,1,9999,FALSE,FALSE
group id,4484,prop_id.trigger.collectible.GROUP_ID,,,,,1,9999,FALSE,FALSE
group id,4484,prop_id.trigger.collectible.PARTICLE   ,,,,,1,9999,FALSE,FALSE
group id,4485,prop_id.trigger.collectible.GROUP_ID,,,,,1,9999,FALSE,FALSE
group id,4485,prop_id.trigger.collectible.PARTICLE   ,,,,,1,9999,FALSE,FALSE
group id,4486,prop_id.trigger.collectible.GROUP_ID,,,,,1,9999,FALSE,FALSE
group id,4486,prop_id.trigger.collectible.PARTICLE   ,,,,,1,9999,FALSE,FALSE
group id,4487,prop_id.trigger.collectible.GROUP_ID,,,,,1,9999,FALSE,FALSE
group id,4487,prop_id.trigger.collectible.PARTICLE   ,,,,,1,9999,FALSE,FALSE
group id,4488,prop_id.trigger.collectible.GROUP_ID,,,,,1,9999,FALSE,FALSE
group id,4488,prop_id.trigger.collectible.PARTICLE   ,,,,,1,9999,FALSE,FALSE
group id,4538,prop_id.trigger.collectible.GROUP_ID,,,,,1,9999,FALSE,FALSE
group id,4538,prop_id.trigger.collectible.PARTICLE   ,,,,,1,9999,FALSE,FALSE
group id,4489,prop_id.trigger.collectible.GROUP_ID,,,,,1,9999,FALSE,FALSE
group id,4489,prop_id.trigger.collectible.PARTICLE   ,,,,,1,9999,FALSE,FALSE
group id,4490,prop_id.trigger.collectible.GROUP_ID,,,,,1,9999,FALSE,FALSE
group id,4490,prop_id.trigger.collectible.PARTICLE   ,,,,,1,9999,FALSE,FALSE
group id,4491,prop_id.trigger.collectible.GROUP_ID,,,,,1,9999,FALSE,FALSE
group id,4491,prop_id.trigger.collectible.PARTICLE   ,,,,,1,9999,FALSE,FALSE
group id,4492,prop_id.trigger.collectible.GROUP_ID,,,,,1,9999,FALSE,FALSE
group id,4492,prop_id.trigger.collectible.PARTICLE   ,,,,,1,9999,FALSE,FALSE
group id,4493,prop_id.trigger.collectible.GROUP_ID,,,,,1,9999,FALSE,FALSE
group id,4493,prop_id.trigger.collectible.PARTICLE   ,,,,,1,9999,FALSE,FALSE
group id,4494,prop_id.trigger.collectible.GROUP_ID,,,,,1,9999,FALSE,FALSE
group id,4494,prop_id.trigger.collectible.PARTICLE   ,,,,,1,9999,FALSE,FALSE
group id,4495,prop_id.trigger.collectible.GROUP_ID,,,,,1,9999,FALSE,FALSE
group id,4495,prop_id.trigger.collectible.PARTICLE   ,,,,,1,9999,FALSE,FALSE
group id,4496,prop_id.trigger.collectible.GROUP_ID,,,,,1,9999,FALSE,FALSE
group id,4496,prop_id.trigger.collectible.PARTICLE   ,,,,,1,9999,FALSE,FALSE
group id,4497,prop_id.trigger.collectible.GROUP_ID,,,,,1,9999,FALSE,FALSE
group id,4497,prop_id.trigger.collectible.PARTICLE   ,,,,,1,9999,FALSE,FALSE
group id,4537,prop_id.trigger.collectible.GROUP_ID,,,,,1,9999,FALSE,FALSE
group id,4537,prop_id.trigger.collectible.PARTICLE   ,,,,,1,9999,FALSE,FALSE
group id,4498,prop_id.trigger.collectible.GROUP_ID,,,,,1,9999,FALSE,FALSE
group id,4498,prop_id.trigger.collectible.PARTICLE   ,,,,,1,9999,FALSE,FALSE
group id,4499,prop_id.trigger.collectible.GROUP_ID,,,,,1,9999,FALSE,FALSE
group id,4499,prop_id.trigger.collectible.PARTICLE   ,,,,,1,9999,FALSE,FALSE
group id,4500,prop_id.trigger.collectible.GROUP_ID,,,,,1,9999,FALSE,FALSE
group id,4500,prop_id.trigger.collectible.PARTICLE   ,,,,,1,9999,FALSE,FALSE
group id,4501,prop_id.trigger.collectible.GROUP_ID,,,,,1,9999,FALSE,FALSE
group id,4501,prop_id.trigger.collectible.PARTICLE   ,,,,,1,9999,FALSE,FALSE
group id,4502,prop_id.trigger.collectible.GROUP_ID,,,,,1,9999,FALSE,FALSE
group id,4502,prop_id.trigger.collectible.PARTICLE   ,,,,,1,9999,FALSE,FALSE
group id,4503,prop_id.trigger.collectible.GROUP_ID,,,,,1,9999,FALSE,FALSE
group id,4503,prop_id.trigger.collectible.PARTICLE   ,,,,,1,9999,FALSE,FALSE
group id,4504,prop_id.trigger.collectible.GROUP_ID,,,,,1,9999,FALSE,FALSE
group id,4504,prop_id.trigger.collectible.PARTICLE   ,,,,,1,9999,FALSE,FALSE
group id,4505,prop_id.trigger.collectible.GROUP_ID,,,,,1,9999,FALSE,FALSE
group id,4505,prop_id.trigger.collectible.PARTICLE   ,,,,,1,9999,FALSE,FALSE
group id,4506,prop_id.trigger.collectible.GROUP_ID,,,,,1,9999,FALSE,FALSE
group id,4506,prop_id.trigger.collectible.PARTICLE   ,,,,,1,9999,FALSE,FALSE
group id,4507,prop_id.trigger.collectible.GROUP_ID,,,,,1,9999,FALSE,FALSE
group id,4507,prop_id.trigger.collectible.PARTICLE   ,,,,,1,9999,FALSE,FALSE
group id,4508,prop_id.trigger.collectible.GROUP_ID,,,,,1,9999,FALSE,FALSE
group id,4508,prop_id.trigger.collectible.PARTICLE   ,,,,,1,9999,FALSE,FALSE
group id,4509,prop_id.trigger.collectible.GROUP_ID,,,,,1,9999,FALSE,FALSE
group id,4509,prop_id.trigger.collectible.PARTICLE   ,,,,,1,9999,FALSE,FALSE
group id,4510,prop_id.trigger.collectible.GROUP_ID,,,,,1,9999,FALSE,FALSE
group id,4510,prop_id.trigger.collectible.PARTICLE   ,,,,,1,9999,FALSE,FALSE
group id,4511,prop_id.trigger.collectible.GROUP_ID,,,,,1,9999,FALSE,FALSE
group id,4511,prop_id.trigger.collectible.PARTICLE   ,,,,,1,9999,FALSE,FALSE
group id,4512,prop_id.trigger.collectible.GROUP_ID,,,,,1,9999,FALSE,FALSE
group id,4512,prop_id.trigger.collectible.PARTICLE   ,,,,,1,9999,FALSE,FALSE
group id,4513,prop_id.trigger.collectible.GROUP_ID,,,,,1,9999,FALSE,FALSE
group id,4513,prop_id.trigger.collectible.PARTICLE   ,,,,,1,9999,FALSE,FALSE
group id,4514,prop_id.trigger.collectible.GROUP_ID,,,,,1,9999,FALSE,FALSE
group id,4514,prop_id.trigger.collectible.PARTICLE   ,,,,,1,9999,FALSE,FALSE
group id,4515,prop_id.trigger.collectible.GROUP_ID,,,,,1,9999,FALSE,FALSE
group id,4515,prop_id.trigger.collectible.PARTICLE   ,,,,,1,9999,FALSE,FALSE
group id,4516,prop_id.trigger.collectible.GROUP_ID,,,,,1,9999,FALSE,FALSE
group id,4516,prop_id.trigger.collectible.PARTICLE   ,,,,,1,9999,FALSE,FALSE
group id,4517,prop_id.trigger.collectible.GROUP_ID,,,,,1,9999,FALSE,FALSE
group id,4517,prop_id.trigger.collectible.PARTICLE   ,,,,,1,9999,FALSE,FALSE
group id,4518,prop_id.trigger.collectible.GROUP_ID,,,,,1,9999,FALSE,FALSE
group id,4518,prop_id.trigger.collectible.PARTICLE   ,,,,,1,9999,FALSE,FALSE
group id,4519,prop_id.trigger.collectible.GROUP_ID,,,,,1,9999,FALSE,FALSE
group id,4519,prop_id.trigger.collectible.PARTICLE   ,,,,,1,9999,FALSE,FALSE
group id,4520,prop_id.trigger.collectible.GROUP_ID,,,,,1,9999,FALSE,FALSE
group id,4520,prop_id.trigger.collectible.PARTICLE   ,,,,,1,9999,FALSE,FALSE
group id,4521,prop_id.trigger.collectible.GROUP_ID,,,,,1,9999,FALSE,FALSE
group id,4521,prop_id.trigger.collectible.PARTICLE   ,,,,,1,9999,FALSE,FALSE
group id,4522,prop_id.trigger.collectible.GROUP_ID,,,,,1,9999,FALSE,FALSE
group id,4522,prop_id.trigger.collectible.PARTICLE   ,,,,,1,9999,FALSE,FALSE
group id,4523,prop_id.trigger.collectible.GROUP_ID,,,,,1,9999,FALSE,FALSE
group id,4523,prop_id.trigger.collectible.PARTICLE   ,,,,,1,9999,FALSE,FALSE
group id,4524,prop_id.trigger.collectible.GROUP_ID,,,,,1,9999,FALSE,FALSE
group id,4524,prop_id.trigger.collectible.PARTICLE   ,,,,,1,9999,FALSE,FALSE
group id,4525,prop_id.trigger.collectible.GROUP_ID,,,,,1,9999,FALSE,FALSE
group id,4525,prop_id.trigger.collectible.PARTICLE   ,,,,,1,9999,FALSE,FALSE
group id,4526,prop_id.trigger.collectible.GROUP_ID,,,,,1,9999,FALSE,FALSE
group id,4526,prop_id.trigger.collectible.PARTICLE   ,,,,,1,9999,FALSE,FALSE
group id,4527,prop_id.trigger.collectible.GROUP_ID,,,,,1,9999,FALSE,FALSE
group id,4527,prop_id.trigger.collectible.PARTICLE   ,,,,,1,9999,FALSE,FALSE
group id,4528,prop_id.trigger.collectible.GROUP_ID,,,,,1,9999,FALSE,FALSE
group id,4528,prop_id.trigger.collectible.PARTICLE   ,,,,,1,9999,FALSE,FALSE
group id,4529,prop_id.trigger.collectible.GROUP_ID,,,,,1,9999,FALSE,FALSE
group id,4529,prop_id.trigger.collectible.PARTICLE   ,,,,,1,9999,FALSE,FALSE
group id,4530,prop_id.trigger.collectible.GROUP_ID,,,,,1,9999,FALSE,FALSE
group id,4530,prop_id.trigger.collectible.PARTICLE   ,,,,,1,9999,FALSE,FALSE
group id,4531,prop_id.trigger.collectible.GROUP_ID,,,,,1,9999,FALSE,FALSE
group id,4531,prop_id.trigger.collectible.PARTICLE   ,,,,,1,9999,FALSE,FALSE
group id,4532,prop_id.trigger.collectible.GROUP_ID,,,,,1,9999,FALSE,FALSE
group id,4532,prop_id.trigger.collectible.PARTICLE   ,,,,,1,9999,FALSE,FALSE
group id,4533,prop_id.trigger.collectible.GROUP_ID,,,,,1,9999,FALSE,FALSE
group id,4533,prop_id.trigger.collectible.PARTICLE   ,,,,,1,9999,FALSE,FALSE
group id,4534,prop_id.trigger.collectible.GROUP_ID,,,,,1,9999,FALSE,FALSE
group id,4534,prop_id.trigger.collectible.PARTICLE   ,,,,,1,9999,FALSE,FALSE
group id,4535,prop_id.trigger.collectible.GROUP_ID,,,,,1,9999,FALSE,FALSE
group id,4535,prop_id.trigger.collectible.PARTICLE   ,,,,,1,9999,FALSE,FALSE
group id,4536,prop_id.trigger.collectible.GROUP_ID,,,,,1,9999,FALSE,FALSE
group id,4536,prop_id.trigger.collectible.PARTICLE   ,,,,,1,9999,FALSE,FALSE
group id,4539,prop_id.trigger.collectible.GROUP_ID,,,,,1,9999,FALSE,FALSE
group id,4539,prop_id.trigger.collectible.PARTICLE   ,,,,,1,9999,FALSE,FALSE
group id,obj_id.trigger.area.MOVE,prop_id.trigger.effect.CENTER_ID,,,,,1,9999,TRUE,FALSE
group id,obj_id.trigger.area.SCALE,prop_id.trigger.effect.CENTER_ID,,,,,1,9999,TRUE,FALSE
group id,obj_id.trigger.area.ROTATE,prop_id.trigger.effect.CENTER_ID,,,,,1,9999,TRUE,FALSE
group id,obj_id.trigger.area.FADE,prop_id.trigger.effect.CENTER_ID,,,,,1,9999,TRUE,FALSE
group id,obj_id.trigger.area.TINT,prop_id.trigger.effect.CENTER_ID,,,,,1,9999,TRUE,FALSE
group id,obj_id.trigger.area.MOVE,prop_id.trigger.effect.TARGET_ID,,,,,1,9999,TRUE,FALSE
group id,obj_id.trigger.area.SCALE,prop_id.trigger.effect.TARGET_ID,,,,,1,9999,TRUE,FALSE
group id,obj_id.trigger.area.ROTATE,prop_id.trigger.effect.TARGET_ID,,,,,1,9999,TRUE,FALSE
group id,obj_id.trigger.area.FADE,prop_id.trigger.effect.TARGET_ID,,,,,1,9999,TRUE,FALSE
group id,obj_id.trigger.area.TINT,prop_id.trigger.effect.TARGET_ID,,,,,1,9999,TRUE,FALSE
group id,obj_id.trigger.area.MOVE_EDIT,prop_id.trigger.effect.TARGET_ID,"lambda x: x.get(prop_id.trigger.effect.USE_EFFECT_ID,0) == 0",,,,1,9999,TRUE,FALSE
group id,obj_id.trigger.area.SCALE_EDIT,prop_id.trigger.effect.TARGET_ID,"lambda x: x.get(prop_id.trigger.effect.USE_EFFECT_ID,0) == 1",,,,1,9999,TRUE,FALSE
group id,obj_id.trigger.area.ROTATE_EDIT,prop_id.trigger.effect.TARGET_ID,"lambda x: x.get(prop_id.trigger.effect.USE_EFFECT_ID,0) == 2",,,,1,9999,TRUE,FALSE
group id,obj_id.trigger.area.FADE_EDIT,prop_id.trigger.effect.TARGET_ID,"lambda x: x.get(prop_id.trigger.effect.USE_EFFECT_ID,0) == 3",,,,1,9999,TRUE,FALSE
group id,obj_id.trigger.area.TINT_EDIT,prop_id.trigger.effect.TARGET_ID,"lambda x: x.get(prop_id.trigger.effect.USE_EFFECT_ID,0) == 4",,,,1,9999,TRUE,FALSE
group id,obj_id.LEVEL_START,prop_id.level.PLAYER_SPAWN,,,,,1,9999,FALSE,FALSE
item id,obj_id.trigger.ITEM_EDIT,prop_id.trigger.item_edit.TARGET_ITEM_ID,"lambda x: x.get(prop_id.trigger.item_edit.ITEM_TYPE_3,0) in (0,1)",,,,1,9999,TRUE,FALSE
time id,obj_id.trigger.ITEM_EDIT,prop_id.trigger.item_edit.TARGET_ITEM_ID,"lambda x: x.get(prop_id.trigger.item_edit.ITEM_TYPE_3,0) == 2",,,,1,9999,TRUE,FALSE
item id,obj_id.trigger.ITEM_EDIT,prop_id.trigger.item_edit.ITEM_ID_1,"lambda x: x.get(prop_id.trigger.item_edit.ITEM_TYPE_1,0) in (0,1)",,,,1,9999,TRUE,FALSE
time id,obj_id.trigger.ITEM_EDIT,prop_id.trigger.item_edit.ITEM_ID_1,"lambda x: x.get(prop_id.trigger.item_edit.ITEM_TYPE_1,0) == 2",,,,1,9999,TRUE,FALSE
item id,obj_id.trigger.ITEM_EDIT,prop_id.trigger.item_edit.ITEM_ID_2,"lambda x: x.get(prop_id.trigger.item_edit.ITEM_TYPE_2,0) in (0,1)",,,,1,9999,TRUE,FALSE
time id,obj_id.trigger.ITEM_EDIT,prop_id.trigger.item_edit.ITEM_ID_2,"lambda x: x.get(prop_id.trigger.item_edit.ITEM_TYPE_2,0) == 2",,,,1,9999,TRUE,FALSE
item id,obj_id.trigger.COUNT,prop_id.trigger.count.ITEM_ID,,,,0,0,9999,TRUE,FALSE
item id,obj_id.ITEM_LABEL,prop_id.item_label.ITEM_ID,"lambda x: x.get(prop_id.item_label.TIME_COUNTER,0) == 0",,,0,0,9999,FALSE,FALSE
time id,obj_id.ITEM_LABEL,prop_id.item_label.ITEM_ID,"lambda x: x.get(prop_id.item_label.TIME_COUNTER,0) == 1",,,0,0,9999,FALSE,FALSE
item id,obj_id.trigger.INSTANT_COUNT,prop_id.trigger.instant_count.ITEM_ID,,,,0,0,9999,TRUE,FALSE
item id,obj_id.trigger.PICKUP,prop_id.trigger.pickup.ITEM_ID,,,,0,0,9999,TRUE,FALSE
time id,obj_id.trigger.TIME,prop_id.trigger.time.ITEM_ID,,,,0,,,TRUE,FALSE
time id,obj_id.trigger.TIME_EVENT,prop_id.trigger.time_event.ITEM_ID,,,,0,,,TRUE,FALSE
time id,obj_id.trigger.TIME_CONTROL,prop_id.trigger.time_control.ITEM_ID,,,,0,,,TRUE,FALSE
item id,obj_id.trigger.ITEM_COMPARE,prop_id.trigger.item_compare.ITEM_ID_1,"lambda x: x.get(prop_id.trigger.item_compare.ITEM_TYPE_1,0) in (0,1)",,,0,0,9999,TRUE,FALSE
time id,obj_id.trigger.ITEM_COMPARE,prop_id.trigger.item_compare.ITEM_ID_1,"lambda x: x.get(prop_id.trigger.item_compare.ITEM_TYPE_1,0) == 2",,,0,0,9999,TRUE,FALSE
item id,obj_id.trigger.ITEM_COMPARE,prop_id.trigger.item_compare.ITEM_ID_2,"lambda x: x.get(prop_id.trigger.item_compare.ITEM_TYPE_2,0) in (0,1)",,,0,1,9999,TRUE,FALSE
time id,obj_id.trigger.ITEM_COMPARE,prop_id.trigger.item_compare.ITEM_ID_2,"lambda x: x.get(prop_id.trigger.item_compare.ITEM_TYPE_2,0) == 2",,,0,1,9999,TRUE,FALSE
item id,obj_id.trigger.ITEM_PERSIST,prop_id.trigger.item_persist.ITEM_ID,"lambda x: x.get(prop_id.trigger.item_persist.TIMER,0) == 0",,,0,0,9999,TRUE,FALSE
time id,obj_id.trigger.ITEM_PERSIST,prop_id.trigger.item_persist.ITEM_ID,"lambda x: x.get(prop_id.trigger.item_persist.TIMER,0) == 1",,,0,,,TRUE,FALSE
item id,obj_id.collectible.USER_COIN,prop_id.trigger.collectible.ITEM_ID,,,,0,0,9999,FALSE,FALSE
item id,obj_id.collectible.KEY,prop_id.trigger.collectible.ITEM_ID,,,,0,0,9999,FALSE,FALSE
item id,1587,prop_id.trigger.collectible.ITEM_ID,,,,0,0,9999,FALSE,FALSE
item id,1589,prop_id.trigger.collectible.ITEM_ID,,,,0,0,9999,FALSE,FALSE
item id,1598,prop_id.trigger.collectible.ITEM_ID,,,,0,0,9999,FALSE,FALSE
item id,obj_id.collectible.SMALL_COIN,prop_id.trigger.collectible.ITEM_ID,,,,0,0,9999,FALSE,FALSE
item id,3601,prop_id.trigger.collectible.ITEM_ID,,,,0,0,9999,FALSE,FALSE
item id,4401,prop_id.trigger.collectible.ITEM_ID,,,,0,0,9999,FALSE,FALSE
item id,4402,prop_id.trigger.collectible.ITEM_ID,,,,0,0,9999,FALSE,FALSE
item id,4403,prop_id.trigger.collectible.ITEM_ID,,,,0,0,9999,FALSE,FALSE
item id,4404,prop_id.trigger.collectible.ITEM_ID,,,,0,0,9999,FALSE,FALSE
item id,4405,prop_id.trigger.collectible.ITEM_ID,,,,0,0,9999,FALSE,FALSE
item id,4406,prop_id.trigger.collectible.ITEM_ID,,,,0,0,9999,FALSE,FALSE
item id,4407,prop_id.trigger.collectible.ITEM_ID,,,,0,0,9999,FALSE,FALSE
item id,4408,prop_id.trigger.collectible.ITEM_ID,,,,0,0,9999,FALSE,FALSE
item id,4409,prop_id.trigger.collectible.ITEM_ID,,,,0,0,9999,FALSE,FALSE
item id,4410,prop_id.trigger.collectible.ITEM_ID,,,,0,0,9999,FALSE,FALSE
item id,4411,prop_id.trigger.collectible.ITEM_ID,,,,0,0,9999,FALSE,FALSE
item id,4412,prop_id.trigger.collectible.ITEM_ID,,,,0,0,9999,FALSE,FALSE
item id,4413,prop_id.trigger.collectible.ITEM_ID,,,,0,0,9999,FALSE,FALSE
item id,4414,prop_id.trigger.collectible.ITEM_ID,,,,0,0,9999,FALSE,FALSE
item id,4415,prop_id.trigger.collectible.ITEM_ID,,,,0,0,9999,FALSE,FALSE
item id,4416,prop_id.trigger.collectible.ITEM_ID,,,,0,0,9999,FALSE,FALSE
item id,4417,prop_id.trigger.collectible.ITEM_ID,,,,0,0,9999,FALSE,FALSE
item id,4418,prop_id.trigger.collectible.ITEM_ID,,,,0,0,9999,FALSE,FALSE
item id,4419,prop_id.trigger.collectible.ITEM_ID,,,,0,0,9999,FALSE,FALSE
item id,4420,prop_id.trigger.collectible.ITEM_ID,,,,0,0,9999,FALSE,FALSE
item id,4421,prop_id.trigger.collectible.ITEM_ID,,,,0,0,9999,FALSE,FALSE
item id,4422,prop_id.trigger.collectible.ITEM_ID,,,,0,0,9999,FALSE,FALSE
item id,4423,prop_id.trigger.collectible.ITEM_ID,,,,0,0,9999,FALSE,FALSE
item id,4424,prop_id.trigger.collectible.ITEM_ID,,,,0,0,9999,FALSE,FALSE
item id,4425,prop_id.trigger.collectible.ITEM_ID,,,,0,0,9999,FALSE,FALSE
item id,4426,prop_id.trigger.collectible.ITEM_ID,,,,0,0,9999,FALSE,FALSE
item id,4427,prop_id.trigger.collectible.ITEM_ID,,,,0,0,9999,FALSE,FALSE
item id,4428,prop_id.trigger.collectible.ITEM_ID,,,,0,0,9999,FALSE,FALSE
item id,4429,prop_id.trigger.collectible.ITEM_ID,,,,0,0,9999,FALSE,FALSE
item id,4430,prop_id.trigger.collectible.ITEM_ID,,,,0,0,9999,FALSE,FALSE
item id,4431,prop_id.trigger.collectible.ITEM_ID,,,,0,0,9999,FALSE,FALSE
item id,4432,prop_id.trigger.collectible.ITEM_ID,,,,0,0,9999,FALSE,FALSE
item id,4433,prop_id.trigger.collectible.ITEM_ID,,,,0,0,9999,FALSE,FALSE
item id,4434,prop_id.trigger.collectible.ITEM_ID,,,,0,0,9999,FALSE,FALSE
item id,4435,prop_id.trigger.collectible.ITEM_ID,,,,0,0,9999,FALSE,FALSE
item id,4436,prop_id.trigger.collectible.ITEM_ID,,,,0,0,9999,FALSE,FALSE
item id,4437,prop_id.trigger.collectible.ITEM_ID,,,,0,0,9999,FALSE,FALSE
item id,4438,prop_id.trigger.collectible.ITEM_ID,,,,0,0,9999,FALSE,FALSE
item id,4439,prop_id.trigger.collectible.ITEM_ID,,,,0,0,9999,FALSE,FALSE
item id,4440,prop_id.trigger.collectible.ITEM_ID,,,,0,0,9999,FALSE,FALSE
item id,4441,prop_id.trigger.collectible.ITEM_ID,,,,0,0,9999,FALSE,FALSE
item id,4442,prop_id.trigger.collectible.ITEM_ID,,,,0,0,9999,FALSE,FALSE
item id,4443,prop_id.trigger.collectible.ITEM_ID,,,,0,0,9999,FALSE,FALSE
item id,4444,prop_id.trigger.collectible.ITEM_ID,,,,0,0,9999,FALSE,FALSE
item id,4445,prop_id.trigger.collectible.ITEM_ID,,,,0,0,9999,FALSE,FALSE
item id,4446,prop_id.trigger.collectible.ITEM_ID,,,,0,0,9999,FALSE,FALSE
item id,4447,prop_id.trigger.collectible.ITEM_ID,,,,0,0,9999,FALSE,FALSE
item id,4448,prop_id.trigger.collectible.ITEM_ID,,,,0,0,9999,FALSE,FALSE
item id,4449,prop_id.trigger.collectible.ITEM_ID,,,,0,0,9999,FALSE,FALSE
item id,4450,prop_id.trigger.collectible.ITEM_ID,,,,0,0,9999,FALSE,FALSE
item id,4451,prop_id.trigger.collectible.ITEM_ID,,,,0,0,9999,FALSE,FALSE
item id,4452,prop_id.trigger.collectible.ITEM_ID,,,,0,0,9999,FALSE,FALSE
item id,4453,prop_id.trigger.collectible.ITEM_ID,,,,0,0,9999,FALSE,FALSE
item id,4454,prop_id.trigger.collectible.ITEM_ID,,,,0,0,9999,FALSE,FALSE
item id,4455,prop_id.trigger.collectible.ITEM_ID,,,,0,0,9999,FALSE,FALSE
item id,4456,prop_id.trigger.collectible.ITEM_ID,,,,0,0,9999,FALSE,FALSE
item id,4457,prop_id.trigger.collectible.ITEM_ID,,,,0,0,9999,FALSE,FALSE
item id,4458,prop_id.trigger.collectible.ITEM_ID,,,,0,0,9999,FALSE,FALSE
item id,4459,prop_id.trigger.collectible.ITEM_ID,,,,0,0,9999,FALSE,FALSE
item id,4460,prop_id.trigger.collectible.ITEM_ID,,,,0,0,9999,FALSE,FALSE
item id,4461,prop_id.trigger.collectible.ITEM_ID,,,,0,0,9999,FALSE,FALSE
item id,4462,prop_id.trigger.collectible.ITEM_ID,,,,0,0,9999,FALSE,FALSE
item id,4463,prop_id.trigger.collectible.ITEM_ID,,,,0,0,9999,FALSE,FALSE
item id,4464,prop_id.trigger.collectible.ITEM_ID,,,,0,0,9999,FALSE,FALSE
item id,4465,prop_id.trigger.collectible.ITEM_ID,,,,0,0,9999,FALSE,FALSE
item id,4466,prop_id.trigger.collectible.ITEM_ID,,,,0,0,9999,FALSE,FALSE
item id,4467,prop_id.trigger.collectible.ITEM_ID,,,,0,0,9999,FALSE,FALSE
item id,4468,prop_id.trigger.collectible.ITEM_ID,,,,0,0,9999,FALSE,FALSE
item id,4469,prop_id.trigger.collectible.ITEM_ID,,,,0,0,9999,FALSE,FALSE
item id,4470,prop_id.trigger.collectible.ITEM_ID,,,,0,0,9999,FALSE,FALSE
item id,4471,prop_id.trigger.collectible.ITEM_ID,,,,0,0,9999,FALSE,FALSE
item id,4472,prop_id.trigger.collectible.ITEM_ID,,,,0,0,9999,FALSE,FALSE
item id,4473,prop_id.trigger.collectible.ITEM_ID,,,,0,0,9999,FALSE,FALSE
item id,4474,prop_id.trigger.collectible.ITEM_ID,,,,0,0,9999,FALSE,FALSE
item id,4475,prop_id.trigger.collectible.ITEM_ID,,,,0,0,9999,FALSE,FALSE
item id,4476,prop_id.trigger.collectible.ITEM_ID,,,,0,0,9999,FALSE,FALSE
item id,4477,prop_id.trigger.collectible.ITEM_ID,,,,0,0,9999,FALSE,FALSE
item id,4478,prop_id.trigger.collectible.ITEM_ID,,,,0,0,9999,FALSE,FALSE
item id,4479,prop_id.trigger.collectible.ITEM_ID,,,,0,0,9999,FALSE,FALSE
item id,4480,prop_id.trigger.collectible.ITEM_ID,,,,0,0,9999,FALSE,FALSE
item id,4481,prop_id.trigger.collectible.ITEM_ID,,,,0,0,9999,FALSE,FALSE
item id,4482,prop_id.trigger.collectible.ITEM_ID,,,,0,0,9999,FALSE,FALSE
item id,4483,prop_id.trigger.collectible.ITEM_ID,,,,0,0,9999,FALSE,FALSE
item id,4484,prop_id.trigger.collectible.ITEM_ID,,,,0,0,9999,FALSE,FALSE
item id,4485,prop_id.trigger.collectible.ITEM_ID,,,,0,0,9999,FALSE,FALSE
item id,4486,prop_id.trigger.collectible.ITEM_ID,,,,0,0,9999,FALSE,FALSE
item id,4487,prop_id.trigger.collectible.ITEM_ID,,,,0,0,9999,FALSE,FALSE
item id,4488,prop_id.trigger.collectible.ITEM_ID,,,,0,0,9999,FALSE,FALSE
item id,4538,prop_id.trigger.collectible.ITEM_ID,,,,0,0,9999,FALSE,FALSE
item id,4489,prop_id.trigger.collectible.ITEM_ID,,,,0,0,9999,FALSE,FALSE
item id,4490,prop_id.trigger.collectible.ITEM_ID,,,,0,0,9999,FALSE,FALSE
item id,4491,prop_id.trigger.collectible.ITEM_ID,,,,0,0,9999,FALSE,FALSE
item id,4492,prop_id.trigger.collectible.ITEM_ID,,,,0,0,9999,FALSE,FALSE
item id,4493,prop_id.trigger.collectible.ITEM_ID,,,,0,0,9999,FALSE,FALSE
item id,4494,prop_id.trigger.collectible.ITEM_ID,,,,0,0,9999,FALSE,FALSE
item id,4495,prop_id.trigger.collectible.ITEM_ID,,,,0,0,9999,FALSE,FALSE
item id,4496,prop_id.trigger.collectible.ITEM_ID,,,,0,0,9999,FALSE,FALSE
item id,4497,prop_id.trigger.collectible.ITEM_ID,,,,0,0,9999,FALSE,FALSE
item id,4537,prop_id.trigger.collectible.ITEM_ID,,,,0,0,9999,FALSE,FALSE
item id,4498,prop_id.trigger.collectible.ITEM_ID,,,,0,0,9999,FALSE,FALSE
item id,4499,prop_id.trigger.collectible.ITEM_ID,,,,0,0,9999,FALSE,FALSE
item id,4500,prop_id.trigger.collectible.ITEM_ID,,,,0,0,9999,FALSE,FALSE
item id,4501,prop_id.trigger.collectible.ITEM_ID,,,,0,0,9999,FALSE,FALSE
item id,4502,prop_id.trigger.collectible.ITEM_ID,,,,0,0,9999,FALSE,FALSE
item id,4503,prop_id.trigger.collectible.ITEM_ID,,,,0,0,9999,FALSE,FALSE
item id,4504,prop_id.trigger.collectible.ITEM_ID,,,,0,0,9999,FALSE,FALSE
item id,4505,prop_id.trigger.collectible.ITEM_ID,,,,0,0,9999,FALSE,FALSE
item id,4506,prop_id.trigger.collectible.ITEM_ID,,,,0,0,9999,FALSE,FALSE
item id,4507,prop_id.trigger.collectible.ITEM_ID,,,,0,0,9999,FALSE,FALSE
item id,4508,prop_id.trigger.collectible.ITEM_ID,,,,0,0,9999,FALSE,FALSE
item id,4509,prop_id.trigger.collectible.ITEM_ID,,,,0,0,9999,FALSE,FALSE
item id,4510,prop_id.trigger.collectible.ITEM_ID,,,,0,0,9999,FALSE,FALSE
item id,4511,prop_id.trigger.collectible.ITEM_ID,,,,0,0,9999,FALSE,FALSE
item id,4512,prop_id.trigger.collectible.ITEM_ID,,,,0,0,9999,FALSE,FALSE
item id,4513,prop_id.trigger.collectible.ITEM_ID,,,,0,0,9999,FALSE,FALSE
item id,4514,prop_id.trigger.collectible.ITEM_ID,,,,0,0,9999,FALSE,FALSE
item id,4515,prop_id.trigger.collectible.ITEM_ID,,,,0,0,9999,FALSE,FALSE
item id,4516,prop_id.trigger.collectible.ITEM_ID,,,,0,0,9999,FALSE,FALSE
item id,4517,prop_id.trigger.collectible.ITEM_ID,,,,0,0,9999,FALSE,FALSE
item id,4518,prop_id.trigger.collectible.ITEM_ID,,,,0,0,9999,FALSE,FALSE
item id,4519,prop_id.trigger.collectible.ITEM_ID,,,,0,0,9999,FALSE,FALSE
item id,4520,prop_id.trigger.collectible.ITEM_ID,,,,0,0,9999,FALSE,FALSE
item id,4521,prop_id.trigger.collectible.ITEM_ID,,,,0,0,9999,FALSE,FALSE
item id,4522,prop_id.trigger.collectible.ITEM_ID,,,,0,0,9999,FALSE,FALSE
item id,4523,prop_id.trigger.collectible.ITEM_ID,,,,0,0,9999,FALSE,FALSE
item id,4524,prop_id.trigger.collectible.ITEM_ID,,,,0,0,9999,FALSE,FALSE
item id,4525,prop_id.trigger.collectible.ITEM_ID,,,,0,0,9999,FALSE,FALSE
item id,4526,prop_id.trigger.collectible.ITEM_ID,,,,0,0,9999,FALSE,FALSE
item id,4527,prop_id.trigger.collectible.ITEM_ID,,,,0,0,9999,FALSE,FALSE
item id,4528,prop_id.trigger.collectible.ITEM_ID,,,,0,0,9999,FALSE,FALSE
item id,4529,prop_id.trigger.collectible.ITEM_ID,,,,0,0,9999,FALSE,FALSE
item id,4530,prop_id.trigger.collectible.ITEM_ID,,,,0,0,9999,FALSE,FALSE
item id,4531,prop_id.trigger.collectible.ITEM_ID,,,,0,0,9999,FALSE,FALSE
item id,4532,prop_id.trigger.collectible.ITEM_ID,,,,0,0,9999,FALSE,FALSE
item id,4533,prop_id.trigger.collectible.ITEM_ID,,,,0,0,9999,FALSE,FALSE
item id,4534,prop_id.trigger.collectible.ITEM_ID,,,,0,0,9999,FALSE,FALSE
item id,4535,prop_id.trigger.collectible.ITEM_ID,,,,0,0,9999,FALSE,FALSE
item id,4536,prop_id.trigger.collectible.ITEM_ID,,,,0,0,9999,FALSE,FALSE
item id,4539,prop_id.trigger.collectible.ITEM_ID,,,,0,0,9999,FALSE,FALSE
collision id,obj_id.trigger.COLLISION,prop_id.trigger.collision.BLOCK_A,,,,,1,9999,TRUE,FALSE
collision id,obj_id.trigger.COLLISION,prop_id.trigger.collision.BLOCK_B,,,,,1,9999,TRUE,FALSE
collision id,obj_id.trigger.INSTANT_COLLISION,prop_id.trigger.instant_collision.BLOCK_A,,,,,1,9999,TRUE,FALSE
collision id,obj_id.trigger.INSTANT_COLLISION,prop_id.trigger.instant_collision.BLOCK_B,,,,,1,9999,TRUE,FALSE
collision id,obj_id.trigger.COLLISION_BLOCK,prop_id.trigger.collision_block.BLOCK_ID,,,,,1,9999,FALSE,FALSE
linked id,,prop_id.LINKED_GROUP,,,,,1,,FALSE,FALSE
trigger channel,obj_id.trigger.ARROW,prop_id.trigger.arrow.TARGET_CHANNEL,,,,0,,,FALSE,FALSE
trigger channel,obj_id.trigger.START_POS,prop_id.start_pos.TARGET_CHANNEL,,,,0,,,FALSE,FALSE
trigger channel,,prop_id.trigger.CHANNEL,,,,0,,,FALSE,FALSE
gradient id,obj_id.trigger.GRADIENT,prop_id.trigger.gradient.GRADIENT_ID,,,,0,,,FALSE,FALSE
effect id,obj_id.trigger.area.STOP,prop_id.trigger.effect.TARGET_ID,,,,0,,,TRUE,FALSE
effect id,obj_id.trigger.enter.MOVE,prop_id.trigger.effect.EFFECT_ID,,,,0,,,FALSE,FALSE
effect id,obj_id.trigger.enter.SCALE,prop_id.trigger.effect.EFFECT_ID,,,,0,,,FALSE,FALSE
effect id,obj_id.trigger.enter.ROTATE,prop_id.trigger.effect.EFFECT_ID,,,,0,,,FALSE,FALSE
effect id,obj_id.trigger.enter.FADE,prop_id.trigger.effect.EFFECT_ID,,,,0,,,FALSE,FALSE
effect id,obj_id.trigger.enter.TINT,prop_id.trigger.effect.EFFECT_ID,,,,0,,,FALSE,FALSE
effect id,obj_id.trigger.enter.STOP,prop_id.trigger.effect.EFFECT_ID,,,,0,,,FALSE,FALSE
effect id,obj_id.trigger.area.EDIT_MOVE,prop_id.trigger.effect.TARGET_ID,"lambda x: x.get(prop_id.trigger.effect.USE_EFFECT_ID,0) == 1",,,0,,,TRUE,FALSE
effect id,obj_id.trigger.area.EDIT_SCALE,prop_id.trigger.effect.TARGET_ID,"lambda x: x.get(prop_id.trigger.effect.USE_EFFECT_ID,0) == 1",,,0,,,TRUE,FALSE
effect id,obj_id.trigger.area.EDIT_ROTATE,prop_id.trigger.effect.TARGET_ID,"lambda x: x.get(prop_id.trigger.effect.USE_EFFECT_ID,0) == 1",,,0,,,TRUE,FALSE
effect id,obj_id.trigger.area.EDIT_FADE,prop_id.trigger.effect.TARGET_ID,"lambda x: x.get(prop_id.trigger.effect.USE_EFFECT_ID,0) == 1",,,0,,,TRUE,FALSE
effect id,obj_id.trigger.area.EDIT_TINT,prop_id.trigger.effect.TARGET_ID,"lambda x: x.get(prop_id.trigger.effect.USE_EFFECT_ID,0) == 1",,,0,,,TRUE,FALSE
enter channel,,prop_id.ENTER_CHANNEL,,,,0,-32768,32767,FALSE,FALSE
enter channel,22,prop_id.trigger.enter_preset.ENTER_CHANNEL,,,,0,-32768,32767,TRUE,FALSE
enter channel,24,prop_id.trigger.enter_preset.ENTER_CHANNEL,,,,0,-32768,32767,TRUE,FALSE
enter channel,23,prop_id.trigger.enter_preset.ENTER_CHANNEL,,,,0,-32768,32767,TRUE,FALSE
enter channel,25,prop_id.trigger.enter_preset.ENTER_CHANNEL,,,,0,-32768,32767,TRUE,FALSE
enter channel,26,prop_id.trigger.enter_preset.ENTER_CHANNEL,,,,0,-32768,32767,TRUE,FALSE
enter channel,27,prop_id.trigger.enter_preset.ENTER_CHANNEL,,,,0,-32768,32767,TRUE,FALSE
enter channel,28,prop_id.trigger.enter_preset.ENTER_CHANNEL,,,,0,-32768,32767,TRUE,FALSE
enter channel,55,prop_id.trigger.enter_preset.ENTER_CHANNEL,,,,0,-32768,32767,TRUE,FALSE
enter channel,56,prop_id.trigger.enter_preset.ENTER_CHANNEL,,,,0,-32768,32767,TRUE,FALSE
enter channel,57,prop_id.trigger.enter_preset.ENTER_CHANNEL,,,,0,-32768,32767,TRUE,FALSE
enter channel,58,prop_id.trigger.enter_preset.ENTER_CHANNEL,,,,0,-32768,32767,TRUE,FALSE
enter channel,59,prop_id.trigger.enter_preset.ENTER_CHANNEL,,,,0,-32768,32767,TRUE,FALSE
enter channel,1915,prop_id.trigger.enter_preset.ENTER_CHANNEL,,,,0,-32768,32767,TRUE,FALSE
enter channel,obj_id.trigger.enter.MOVE,prop_id.trigger.effect.ENTER_CHANNEL,,,,0,-32768,32767,TRUE,FALSE
enter channel,obj_id.trigger.enter.SCALE,prop_id.trigger.effect.ENTER_CHANNEL,,,,0,-32768,32767,TRUE,FALSE
enter channel,obj_id.trigger.enter.ROTATE,prop_id.trigger.effect.ENTER_CHANNEL,,,,0,-32768,32767,TRUE,FALSE
enter channel,obj_id.trigger.enter.FADE,prop_id.trigger.effect.ENTER_CHANNEL,,,,0,-32768,32767,TRUE,FALSE
enter channel,obj_id.trigger.enter.TINT,prop_id.trigger.effect.ENTER_CHANNEL,,,,0,-32768,32767,TRUE,FALSE
enter channel,obj_id.trigger.enter.STOP,prop_id.trigger.effect.ENTER_CHANNEL,,,,0,-32768,32767,TRUE,FALSE
keyframe id,obj_id.trigger.KEYFRAME,prop_id.trigger.keyframe.KEY_ID,,,,0,0,,FALSE,FALSE
song id,obj_id.trigger.SONG,prop_id.trigger.song.SONG_ID,,,,0,,,TRUE,FALSE
sfx id,obj_id.trigger.SFX,prop_id.trigger.sfx.SFX_ID,,,,0,,,TRUE,FALSE
unique sfx id,obj_id.trigger.SFX,prop_id.trigger.sfx.UNIQUE_ID,,,,,,,TRUE,FALSE
unique sfx id,obj_id.trigger.EDIT_SFX,prop_id.trigger.sfx.UNIQUE_ID,,,,,,,TRUE,FALSE
song channel,obj_id.trigger.SONG,prop_id.trigger.song.CHANNEL,,,,0,0,4,TRUE,FALSE
song channel,obj_id.trigger.EDIT_SONG,prop_id.trigger.song.CHANNEL,,,,0,0,4,TRUE,FALSE
sfx group,obj_id.trigger.SFX,prop_id.trigger.sfx.GROUP_ID,,,,,,,TRUE,FALSE
sfx group,obj_id.trigger.EDIT_SFX,prop_id.trigger.sfx.GROUP_ID,,,,,,,TRUE,FALSE
force id,obj_id.trigger.FORCE_BLOCK,prop_id.trigger.force_block.FORCE_ID,,,,0,,,FALSE,FALSE
force id,obj_id.trigger.FORCE_CIRCLE,prop_id.trigger.force_block.FORCE_ID,,,,0,-32768,32767,FALSE,FALSE
material id,,prop_id.MATERIAL,,,,0,-32768,32767,FALSE,FALSE
material id,obj_id.trigger.EVENT,prop_id.trigger.event.EXTRA_ID_1,,,,0,,,TRUE,FALSE
control id,,prop_id.trigger.CONTROL_ID,,,,0,,,TRUE,FALSE
control id,obj_id.trigger.STOP,prop_id.trigger.stop.TARGET_ID,"lambda x: x.get(prop_id.trigger.stop.USE_CONTROL_ID,0) == 1",,,0,,,TRUE,FALSE
control id,obj_id.trigger.EDIT_ADV_FOLLOW,prop_id.trigger.edit_adv_follow.TARGET_ID,"lambda x: x.get(prop_id.trigger.edit_adv_follow.USE_CONTROL_ID,0) == 1",,,0,,,TRUE,FALSE
control id,obj_id.trigger.RETARGET_ADV_FOLLOW,prop_id.trigger.edit_adv_follow.TARGET_ID,"lambda x: x.get(prop_id.trigger.edit_adv_follow.USE_CONTROL_ID,0) == 1",,,0,,,TRUE,FALSE
remap base,obj_id.trigger.SPAWN,prop_id.trigger.spawn.REMAPS,,lambda x: x.keys(),"lambda x, kvm: x.apply(lambda i: i.remap(key_map=kvm))",,,,FALSE,TRUE
remap target,obj_id.trigger.SPAWN,prop_id.trigger.spawn.REMAPS,"lambda x: x.get(prop_id.trigger.spawn.RESET_REMAP,0) == 1",lambda x: x.values(),"lambda x, kvm: x.apply(lambda i: i.remap(value_map=kvm))",,,,FALSE,TRUE
remap target,obj_id.trigger.SPAWN,prop_id.trigger.spawn.REMAPS,"lambda x: x.get(prop_id.trigger.spawn.RESET_REMAP,0) == 0",lambda x: x.values(),"lambda x, kvm: x.apply(lambda i: i.remap(value_map=kvm))",,,,TRUE,TRUE
,,,,,,,,,FALSE,FALSE
,,,,,,,,,FALSE,FALSE
,,,,,,,,,FALSE,FALSE
,,,,,,,,,FALSE,FALSE
,,,,,,,,,FALSE,FALSE
,,,,,,,,,FALSE,FALSE
,,,,,,,,,FALSE,FALSE
,,,,,,,,,FALSE,FALSE
,,,,,,,,,FALSE,FALSE
,,,,,,,,,FALSE,FALSE
,,,,,,,,,FALSE,FALSE
,,,,,,,,,FALSE,FALSE
,,,,,,,,,FALSE,FALSE
,,,,,,,,,FALSE,FALSE
,,,,,,,,,FALSE,FALSE
,,,,,,,,,FALSE,FALSE
,,,,,,,,,FALSE,FALSE
,,,,,,,,,FALSE,FALSE
,,,,,,,,,FALSE,FALSE
,,,,,,,,,FALSE,FALSE
,,,,,,,,,FALSE,FALSE
,,,,,,,,,FALSE,FALSE
,,,,,,,,,FALSE,FALSE
,,,,,,,,,FALSE,FALSE
,,,,,,,,,FALSE,FALSE
,,,,,,,,,FALSE,FALSE
,,,,,,,,,FALSE,FALSE
,,,,,,,,,FALSE,FALSE
,,,,,,,,,FALSE,FALSE
,,,,,,,,,FALSE,FALSE
,,,,,,,,,FALSE,FALSE
,,,,,,,,,FALSE,FALSE
,,,,,,,,,FALSE,FALSE
,,,,,,,,,FALSE,FALSE
,,,,,,,,,FALSE,FALSE
,,,,,,,,,FALSE,FALSE
,,,,,,,,,FALSE,FALSE
,,,,,,,,,FALSE,FALSE
,,,,,,,,,FALSE,FALSE
,,,,,,,,,FALSE,FALSE
,,,,,,,,,FALSE,FALSE
,,,,,,,,,FALSE,FALSE
,,,,,,,,,FALSE,FALSE
,,,,,,,,,FALSE,FALSE
,,,,,,,,,FALSE,FALSE
,,,,,,,,,FALSE,FALSE
,,,,,,,,,FALSE,FALSE
,,,,,,,,,FALSE,FALSE
,,,,,,,,,FALSE,FALSE
,,,,,,,,,FALSE,FALSE
,,,,,,,,,FALSE,FALSE
,,,,,,,,,FALSE,FALSE
,,,,,,,,,FALSE,FALSE
,,,,,,,,,FALSE,FALSE
,,,,,,,,,FALSE,FALSE
,,,,,,,,,FALSE,FALSE
,,,,,,,,,FALSE,FALSE
,,,,,,,,,FALSE,FALSE
,,,,,,,,,FALSE,FALSE
,,,,,,,,,FALSE,FALSE
,,,,,,,,,FALSE,FALSE
,,,,,,,,,FALSE,FALSE
,,,,,,,,,FALSE,FALSE
,,,,,,,,,FALSE,FALSE
,,,,,,,,,FALSE,FALSE
,,,,,,,,,FALSE,FALSE
,,,,,,,,,FALSE,FALSE
,,,,,,,,,FALSE,FALSE
,,,,,,,,,FALSE,FALSE
,,,,,,,,,FALSE,FALSE
,,,,,,,,,FALSE,FALSE
,,,,,,,,,FALSE,FALSE
,,,,,,,,,FALSE,FALSE
,,,,,,,,,FALSE,FALSE
,,,,,,,,,FALSE,FALSE
,,,,,,,,,FALSE,FALSE
,,,,,,,,,FALSE,FALSE
,,,,,,,,,FALSE,FALSE
,,,,,,,,,FALSE,FALSE
,,,,,,,,,FALSE,FALSE
,,,,,,,,,FALSE,FALSE
,,,,,,,,,FALSE,FALSE
,,,,,,,,,FALSE,FALSE
,,,,,,,,,FALSE,FALSE
,,,,,,,,,FALSE,FALSE
,,,,,,,,,FALSE,FALSE
,,,,,,,,,FALSE,FALSE
,,,,,,,,,FALSE,FALSE
,,,,,,,,,FALSE,FALSE
,,,,,,,,,FALSE,FALSE
,,,,,,,,,FALSE,FALSE
,,,,,,,,,FALSE,FALSE
,,,,,,,,,FALSE,FALSE
,,,,,,,,,FALSE,FALSE
,,,,,,,,,FALSE,FALSE
,,,,,,,,,FALSE,FALSE
,,,,,,,,,FALSE,FALSE
,,,,,,,,,FALSE,FALSE
,,,,,,,,,FALSE,FALSE
,,,,,,,,,FALSE,FALSE
,,,,,,,,,FALSE,FALSE
,,,,,,,,,FALSE,FALSE
,,,,,,,,,FALSE,FALSE
,,,,,,,,,FALSE,FALSE
,,,,,,,,,FALSE,FALSE
,,,,,,,,,FALSE,FALSE
,,,,,,,,,FALSE,FALSE
,,,,,,,,,FALSE,FALSE
,,,,,,,,,FALSE,FALSE
,,,,,,,,,FALSE,FALSE
,,,,,,,,,FALSE,FALSE
,,,,,,,,,FALSE,FALSE
,,,,,,,,,FALSE,FALSE
,,,,,,,,,FALSE,FALSE
,,,,,,,,,FALSE,FALSE
,,,,,,,,,FALSE,FALSE
,,,,,,,,,FALSE,FALSE
,,,,,,,,,FALSE,FALSE
,,,,,,,,,FALSE,FALSE
,,,,,,,,,FALSE,FALSE
,,,,,,,,,FALSE,FALSE
,,,,,,,,,FALSE,FALSE
,,,,,,,,,FALSE,FALSE
,,,,,,,,,FALSE,FALSE
,,,,,,,,,FALSE,FALSE
,,,,,,,,,FALSE,FALSE
,,,,,,,,,FALSE,FALSE
,,,,,,,,,FALSE,FALSE
,,,,,,,,,FALSE,FALSE
,,,,,,,,,FALSE,FALSE
,,,,,,,,,FALSE,FALSE
,,,,,,,,,FALSE,FALSE
,,,,,,,,,FALSE,FALSE
,,,,,,,,,FALSE,FALSE
,,,,,,,,,FALSE,FALSE
,,,,,,,,,FALSE,FALSE
,,,,,,,,,FALSE,FALSE
,,,,,,,,,FALSE,FALSE
,,,,,,,,,FALSE,FALSE
,,,,,,,,,FALSE,FALSE
,,,,,,,,,FALSE,FALSE
,,,,,,,,,FALSE,FALSE
,,,,,,,,,FALSE,FALSE
,,,,,,,,,FALSE,FALSE
,,,,,,,,,FALSE,FALSE
,,,,,,,,,FALSE,FALSE
,,,,,,,,,FALSE,FALSE
,,,,,,,,,FALSE,FALSE
,,,,,,,,,FALSE,FALSE
,,,,,,,,,FALSE,FALSE
,,,,,,,,,FALSE,FALSE
,,,,,,,,,FALSE,FALSE
,,,,,,,,,FALSE,FALSE
,,,,,,,,,FALSE,FALSE
,,,,,,,,,FALSE,FALSE
,,,,,,,,,FALSE,FALSE
,,,,,,,,,FALSE,FALSE
,,,,,,,,,FALSE,FALSE
,,,,,,,,,FALSE,FALSE
,,,,,,,,,FALSE,FALSE
,,,,,,,,,FALSE,FALSE
,,,,,,,,,FALSE,FALSE
,,,,,,,,,FALSE,FALSE
,,,,,,,,,FALSE,FALSE
,,,,,,,,,FALSE,FALSE
,,,,,,,,,FALSE,FALSE
,,,,,,,,,FALSE,FALSE
,,,,,,,,,FALSE,FALSE
,,,,,,,,,FALSE,FALSE
,,,,,,,,,FALSE,FALSE
,,,,,,,,,FALSE,FALSE
,,,,,,,,,FALSE,FALSE
,,,,,,,,,FALSE,FALSE
,,,,,,,,,FALSE,FALSE
,,,,,,,,,FALSE,FALSE
,,,,,,,,,FALSE,FALSE
,,,,,,,,,FALSE,FALSE
,,,,,,,,,FALSE,FALSE
,,,,,,,,,FALSE,FALSE
,,,,,,,,,FALSE,FALSE
,,,,,,,,,FALSE,FALSE
,,,,,,,,,FALSE,FALSE
,,,,,,,,,FALSE,FALSE
,,,,,,,,,FALSE,FALSE
,,,,,,,,,FALSE,FALSE
,,,,,,,,,FALSE,FALSE
,,,,,,,,,FALSE,FALSE
,,,,,,,,,FALSE,FALSE
,,,,,,,,,FALSE,FALSE
,,,,,,,,,FALSE,FALSE
,,,,,,,,,FALSE,FALSE
,,,,,,,,,FALSE,FALSE
,,,,,,,,,FALSE,FALSE
,,,,,,,,,FALSE,FALSE
,,,,,,,,,FALSE,FALSE
,,,,,,,,,FALSE,FALSE
,,,,,,,,,FALSE,FALSE
,,,,,,,,,FALSE,FALSE
,,,,,,,,,FALSE,FALSE
,,,,,,,,,FALSE,FALSE
,,,,,,,,,FALSE,FALSE
,,,,,,,,,FALSE,FALSE
,,,,,,,,,FALSE,FALSE
,,,,,,,,,FALSE,FALSE
,,,,,,,,,FALSE,FALSE
,,,,,,,,,FALSE,FALSE
,,,,,,,,,FALSE,FALSE
,,,,,,,,,FALSE,FALSE
,,,,,,,,,FALSE,FALSE
,,,,,,,,,FALSE,FALSE
,,,,,,,,,FALSE,FALSE
,,,,,,,,,FALSE,FALSE
,,,,,,,,,FALSE,FALSE
,,,,,,,,,FALSE,FALSE
,,,,,,,,,FALSE,FALSE
,,,,,,,,,FALSE,FALSE
,,,,,,,,,FALSE,FALSE
,,,,,,,,,FALSE,FALSE
,,,,,,,,,FALSE,FALSE
,,,,,,,,,FALSE,FALSE
,,,,,,,,,FALSE,FALSE
,,,,,,,,,FALSE,FALSE
,,,,,,,,,FALSE,FALSE
,,,,,,,,,FALSE,FALSE
,,,,,,,,,FALSE,FALSE
,,,,,,,,,FALSE,FALSE
,,,,,,,,,FALSE,FALSE
,,,,,,,,,FALSE,FALSE
,,,,,,,,,FALSE,FALSE
,,,,,,,,,FALSE,FALSE
,,,,,,,,,FALSE,FALSE
,,,,,,,,,FALSE,FALSE
,,,,,,,,,FALSE,FALSE
,,,,,,,,,FALSE,FALSE
,,,,,,,,,FALSE,FALSE
,,,,,,,,,FALSE,FALSE
,,,,,,,,,FALSE,FALSE
,,,,,,,,,FALSE,FALSE
,,,,,,,,,FALSE,FALSE
,,,,,,,,,FALSE,FALSE
,,,,,,,,,FALSE,FALSE
,,,,,,,,,FALSE,FALSE
,,,,,,,,,FALSE,FALSE
,,,,,,,,,FALSE,FALSE
,,,,,,,,,FALSE,FALSE
,,,,,,,,,FALSE,FALSE
,,,,,,,,,FALSE,FALSE
,,,,,,,,,FALSE,FALSE
,,,,,,,,,FALSE,FALSE
,,,,,,,,,FALSE,FALSE
,,,,,,,,,FALSE,FALSE
,,,,,,,,,FALSE,FALSE
,,,,,,,,,FALSE,FALSE
,,,,,,,,,FALSE,FALSE
,,,,,,,,,FALSE,FALSE
,,,,,,,,,FALSE,FALSE
,,,,,,,,,FALSE,FALSE
,,,,,,,,,FALSE,FALSE
,,,,,,,,,FALSE,FALSE
,,,,,,,,,FALSE,FALSE
,,,,,,,,,FALSE,FALSE
,,,,,,,,,FALSE,FALSE
,,,,,,,,,FALSE,FALSE
,,,,,,,,,FALSE,FALSE
,,,,,,,,,FALSE,FALSE
,,,,,,,,,FALSE,FALSE
,,,,,,,,,FALSE,FALSE
,,,,,,,,,FALSE,FALSE
,,,,,,,,,FALSE,FALSE
,,,,,,,,,FALSE,FALSE
,,,,,,,,,FALSE,FALSE
,,,,,,,,,FALSE,FALSE
,,,,,,,,,FALSE,FALSE
,,,,,,,,,FALSE,FALSE
,,,,,,,,,FALSE,FALSE
,,,,,,,,,FALSE,FALSE
,,,,,,,,,FALSE,FALSE
,,,,,,,,,FALSE,FALSE
,,,,,,,,,FALSE,FALSE
,,,,,,,,,FALSE,FALSE
,,,,,,,,,FALSE,FALSE
,,,,,,,,,FALSE,FALSE
,,,,,,,,,FALSE,FALSE
,,,,,,,,,FALSE,FALSE
,,,,,,,,,FALSE,FALSE
,,,,,,,,,FALSE,FALSE
,,,,,,,,,FALSE,FALSE
,,,,,,,,,FALSE,FALSE
,,,,,,,,,FALSE,FALSE
,,,,,,,,,FALSE,FALSE
,,,,,,,,,FALSE,FALSE
,,,,,,,,,FALSE,FALSE
,,,,,,,,,FALSE,FALSE
,,,,,,,,,FALSE,FALSE
,,,,,,,,,FALSE,FALSE
,,,,,,,,,FALSE,FALSE
,,,,,,,,,FALSE,FALSE
,,,,,,,,,FALSE,FALSE
,,,,,,,,,FALSE,FALSE
,,,,,,,,,FALSE,FALSE
,,,,,,,,,FALSE,FALSE
,,,,,,,,,FALSE,FALSE
,,,,,,,,,FALSE,FALSE
,,,,,,,,,FALSE,FALSE
,,,,,,,,,FALSE,FALSE
,,,,,,,,,FALSE,FALSE
,,,,,,,,,FALSE,FALSE
,,,,,,,,,FALSE,FALSE
,,,,,,,,,FALSE,FALSE
,,,,,,,,,FALSE,FALSE
,,,,,,,,,FALSE,FALSE
,,,,,,,,,FALSE,FALSE
,,,,,,,,,FALSE,FALSE
,,,,,,,,,FALSE,FALSE
,,,,,,,,,FALSE,FALSE
,,,,,,,,,FALSE,FALSE
,,,,,,,,,FALSE,FALSE
,,,,,,,,,FALSE,FALSE
,,,,,,,,,FALSE,FALSE
,,,,,,,,,FALSE,FALSE
,,,,,,,,,FALSE,FALSE
,,,,,,,,,FALSE,FALSE
,,,,,,,,,FALSE,FALSE
,,,,,,,,,FALSE,FALSE
,,,,,,,,,FALSE,FALSE
,,,,,,,,,FALSE,FALSE
,,,,,,,,,FALSE,FALSE
,,,,,,,,,FALSE,FALSE
,,,,,,,,,FALSE,FALSE
,,,,,,,,,FALSE,FALSE
,,,,,,,,,FALSE,FALSE
,,,,,,,,,FALSE,FALSE
,,,,,,,,,FALSE,FALSE
,,,,,,,,,FALSE,FALSE
,,,,,,,,,FALSE,FALSE
,,,,,,,,,FALSE,FALSE
,,,,,,,,,FALSE,FALSE
,,,,,,,,,FALSE,FALSE
,,,,,,,,,FALSE,FALSE
,,,,,,,,,FALSE,FALSE
,,,,,,,,,FALSE,FALSE
,,,,,,,,,FALSE,FALSE
,,,,,,,,,FALSE,FALSE
,,,,,,,,,FALSE,FALSE
,,,,,,,,,FALSE,FALSE
,,,,,,,,,FALSE,FALSE
,,,,,,,,,FALSE,FALSE
,,,,,,,,,FALSE,FALSE
,,,,,,,,,FALSE,FALSE
,,,,,,,,,FALSE,FALSE
,,,,,,,,,FALSE,FALSE
,,,,,,,,,FALSE,FALSE
,,,,,,,,,FALSE,FALSE
,,,,,,,,,FALSE,FALSE
,,,,,,,,,FALSE,FALSE
,,,,,,,,,FALSE,FALSE
,,,,,,,,,FALSE,FALSE
,,,,,,,,,FALSE,FALSE
,,,,,,,,,FALSE,FALSE
,,,,,,,,,FALSE,FALSE
,,,,,,,,,FALSE,FALSE
,,,,,,,,,FALSE,FALSE
,,,,,,,,,FALSE,FALSE
,,,,,,,,,FALSE,FALSE
,,,,,,,,,FALSE,FALSE
,,,,,,,,,FALSE,FALSE
,,,,,,,,,FALSE,FALSE
,,,,,,,,,FALSE,FALSE
,,,,,,,,,FALSE,FALSE
,,,,,,,,,FALSE,FALSE
,,,,,,,,,FALSE,FALSE
,,,,,,,,,FALSE,FALSE
,,,,,,,,,FALSE,FALSE
,,,,,,,,,FALSE,FALSE
,,,,,,,,,FALSE,FALSE
,,,,,,,,,FALSE,FALSE
,,,,,,,,,FALSE,FALSE
,,,,,,,,,FALSE,FALSE
,,,,,,,,,FALSE,FALSE
,,,,,,,,,FALSE,FALSE
,,,,,,,,,FALSE,FALSE
,,,,,,,,,FALSE,FALSE
,,,,,,,,,FALSE,FALSE
,,,,,,,,,FALSE,FALSE
,,,,,,,,,FALSE,FALSE
,,,,,,,,,FALSE,FALSE
,,,,,,,,,FALSE,FALSE
,,,,,,,,,FALSE,FALSE
,,,,,,,,,FALSE,FALSE
,,,,,,,,,FALSE,FALSE
,,,,,,,,,FALSE,FALSE
,,,,,,,,,FALSE,FALSE
,,,,,,,,,FALSE,FALSE
,,,,,,,,,FALSE,FALSE
,,,,,,,,,FALSE,FALSE
,,,,,,,,,FALSE,FALSE
,,,,,,,,,FALSE,FALSE
,,,,,,,,,FALSE,FALSE
,,,,,,,,,FALSE,FALSE
,,,,,,,,,FALSE,FALSE
,,,,,,,,,FALSE,FALSE
,,,,,,,,,FALSE,FALSE
,,,,,,,,,FALSE,FALSE
,,,,,,,,,FALSE,FALSE
,,,,,,,,,FALSE,FALSE
,,,,,,,,,FALSE,FALSE
,,,,,,,,,FALSE,FALSE
,,,,,,,,,FALSE,FALSE
,,,,,,,,,FALSE,FALSE
,,,,,,,,,FALSE,FALSE
,,,,,,,,,FALSE,FALSE
,,,,,,,,,FALSE,FALSE
,,,,,,,,,FALSE,FALSE
,,,,,,,,,FALSE,FALSE
,,,,,,,,,FALSE,FALSE
,,,,,,,,,FALSE,FALSE
,,,,,,,,,FALSE,FALSE
,,,,,,,,,FALSE,FALSE
,,,,,,,,,FALSE,FALSE
,,,,,,,,,FALSE,FALSE
,,,,,,,,,FALSE,FALSE
,,,,,,,,,FALSE,FALSE
,,,,,,,,,FALSE,FALSE
,,,,,,,,,FALSE,FALSE
,,,,,,,,,FALSE,FALSE
,,,,,,,,,FALSE,FALSE
,,,,,,,,,FALSE,FALSE
,,,,,,,,,FALSE,FALSE
,,,,,,,,,FALSE,FALSE
,,,,,,,,,FALSE,FALSE
,,,,,,,,,FALSE,FALSE
,,,,,,,,,FALSE,FALSE
,,,,,,,,,FALSE,FALSE
,,,,,,,,,FALSE,FALSE
,,,,,,,,,FALSE,FALSE
,,,,,,,,,FALSE,FALSE
,,,,,,,,,FALSE,FALSE
,,,,,,,,,FALSE,FALSE
,,,,,,,,,FALSE,FALSE
,,,,,,,,,FALSE,FALSE
,,,,,,,,,FALSE,FALSE
,,,,,,,,,FALSE,FALSE
,,,,,,,,,FALSE,FALSE
,,,,,,,,,FALSE,FALSE
,,,,,,,,,FALSE,FALSE
,,,,,,,,,FALSE,FALSE
,,,,,,,,,FALSE,FALSE
,,,,,,,,,FALSE,FALSE
,,,,,,,,,FALSE,FALSE
,,,,,,,,,FALSE,FALSE
,,,,,,,,,FALSE,FALSE
,,,,,,,,,FALSE,FALSE
,,,,,,,,,FALSE,FALSE
,,,,,,,,,FALSE,FALSE
,,,,,,,,,FALSE,FALSE
,,,,,,,,,FALSE,FALSE
,,,,,,,,,FALSE,FALSE
,,,,,,,,,FALSE,FALSE
,,,,,,,,,FALSE,FALSE
,,,,,,,,,FALSE,FALSE
,,,,,,,,,FALSE,FALSE
,,,,,,,,,FALSE,FALSE
,,,,,,,,,FALSE,FALSE
,,,,,,,,,FALSE,FALSE
,,,,,,,,,FALSE,FALSE
,,,,,,,,,FALSE,FALSE
,,,,,,,,,FALSE,FALSE
,,,,,,,,,FALSE,FALSE
,,,,,,,,,FALSE,FALSE
,,,,,,,,,FALSE,FALSE
,,,,,,,,,FALSE,FALSE
,,,,,,,,,FALSE,FALSE
,,,,,,,,,FALSE,FALSE
,,,,,,,,,FALSE,FALSE
,,,,,,,,,FALSE,FALSE
,,,,,,,,,FALSE,FALSE
,,,,,,,,,FALSE,FALSE
,,,,,,,,,FALSE,FALSE
,,,,,,,,,FALSE,FALSE
,,,,,,,,,FALSE,FALSE
,,,,,,,,,FALSE,FALSE
,,,,,,,,,FALSE,FALSE
,,,,,,,,,FALSE,FALSE
,,,,,,,,,FALSE,FALSE
,,,,,,,,,FALSE,FALSE
,,,,,,,,,FALSE,FALSE
,,,,,,,,,FALSE,FALSE
,,,,,,,,,FALSE,FALSE
,,,,,,,,,FALSE,FALSE
,,,,,,,,,FALSE,FALSE
,,,,,,,,,FALSE,FALSE
,,,,,,,,,FALSE,FALSE
,,,,,,,,,FALSE,FALSE
,,,,,,,,,FALSE,FALSE
,,,,,,,,,FALSE,FALSE
,,,,,,,,,FALSE,FALSE
,,,,,,,,,FALSE,FALSE
,,,,,,,,,FALSE,FALSE
,,,,,,,,,FALSE,FALSE
,,,,,,,,,FALSE,FALSE
,,,,,,,,,FALSE,FALSE
,,,,,,,,,FALSE,FALSE
,,,,,,,,,FALSE,FALSE
,,,,,,,,,FALSE,FALSE
,,,,,,,,,FALSE,FALSE
,,,,,,,,,FALSE,FALSE
,,,,,,,,,FALSE,FALSE
,,,,,,,,,FALSE,FALSE
,,,,,,,,,FALSE,FALSE
,,,,,,,,,FALSE,FALSE
,,,,,,,,,FALSE,FALSE
,,,,,,,,,FALSE,FALSE
,,,,,,,,,FALSE,FALSE